+493094405363,[{'place_id': 'ChIJow5SxuxRqEcRpk680jewg50'}]
+493027909683,[{'place_id': 'ChIJU6pM1j5RqEcRblPfq5OJZp4'}]
+4917621455203,[{'place_id': 'ChIJm3_SgO9RqEcRPsCFGSCiw4U'}]
+493021751646,[]
+493095614848,[{'place_id': 'ChIJhx78J9EjZUERI2jYna3X5pI'}]
+4917643271897,[]
+493027577810,[{'place_id': 'ChIJ_7T13OtRqEcRykkW1_-ATbc'}]
+493088538222,[{'place_id': 'ChIJ0awbwfBRqEcR-ZGkXYpSkSo'}]
+493028042423,[{'place_id': 'ChIJ4Wce2-tRqEcRcPKUr56ZrA8'}]
+493099278701,[{'place_id': 'ChIJ35Aup-5RqEcRmTP_hn5md_8'}]
+493067962236,[{'place_id': 'ChIJt7KO1-hRqEcRLT4aTcLRDvs'}]
+493066405111,[{'place_id': 'ChIJ6c3F8-VRqEcRiicxeI5EOTI'}]
+491734093502,[]
+493027993733,[{'place_id': 'ChIJ3eIXp-BRqEcRJBreG-BVHkU'}]
+491734797784,[]
+493020215301,[{'place_id': 'ChIJ56t3-ZBRqEcRMfNqcJgpjfA'}]
+4915204463307,[]
+4915201925004,[]
+493028448108,[]
+491774655251,[]
+493040501650,"[{'place_id': 'ChIJLc-Nv-VRqEcRPoL5jV8hMaI'}, {'place_id': 'ChIJE28svuVRqEcREm-W3-MdbkM'}, {'place_id': 'ChIJ28bx5PJUqEcR4Rw1KnQ3SIg'}, {'place_id': 'ChIJ18Mc3-BRqEcRGfPwlRhCovA'}]"
+493062924947,[{'place_id': 'ChIJsdLQZjVRqEcRKJLpQY9_tRI'}]
+4917684670050,[{'place_id': 'ChIJJdCKFdBRqEcRO5Uz93cVPWM'}]
+493076677763,[{'place_id': 'ChIJgx1C4hpPqEcRr-bIXXakW-4'}]
+493027581215,[{'place_id': 'ChIJLbGX7uZRqEcRWEE5iayCkRM'}]
+493020649938,[{'place_id': 'ChIJQwHEa9BRqEcRp_3YUzY8dos'}]
+491723812093,[]
+4930314950700,[]
+493020609286,[{'place_id': 'ChIJC1K7FtpRqEcRKaihutliQas'}]
+493030886560,[{'place_id': 'ChIJ57kGIcJRqEcRUdFUCT_QMVA'}]
+49302294523,[{'place_id': 'ChIJI_4-oM9RqEcRgazfdDzpfkA'}]
+493027890410,[]
+493028877788,[]
+493037465031,[{'place_id': 'ChIJb8Yo1OdRqEcR1tNPIs-ssTE'}]
+493034620808,[{'place_id': 'ChIJoVtum9BRqEcRaUJq-_Vs-10'}]
+493020214714,"[{'place_id': 'ChIJmx6qw9ZRqEcRSxGJOtSEicI'}, {'place_id': 'ChIJ9UK3L8JRqEcRl9yXOJuUiUk'}]"
+493023936961,"[{'place_id': 'ChIJs8Eh7PpRqEcRJOxHAkguOUY'}, {'place_id': 'ChIJWXZnG9pRqEcRutGb2PX0qOI'}]"
+493028878785,[{'place_id': 'ChIJy7lLl-lRqEcRJ6T5N2nJr1w'}]
+493040743335,[{'place_id': 'ChIJp8FzcOlRqEcRqpFCa1TtPy0'}]
+49302041819,[{'place_id': 'ChIJYS1LpsRRqEcRKV_Xls2gKPs'}]
+49302062976,[{'place_id': 'ChIJKa-6XscjZUERe5ZL21HuYrI'}]
+4915232162750,[]
+4930208799800,[{'place_id': 'ChIJxTDlQPZRqEcRQOp93bRRO4E'}]
+4930403689191,[]
+493020074936,[]
+493020074377,[{'place_id': 'ChIJDaVpwcVRqEcR1V-TJQ4yYbA'}]
+493032303532,[{'place_id': 'ChIJF8cBIMJRqEcRH9JOT3BslNU'}]
+493027878885,[{'place_id': 'ChIJRexZgOhRqEcRm_-_whvBkcs'}]
+493028046401,[{'place_id': 'ChIJK2FOMcJRqEcRy5vIDvdzP2Q'}]
+493020143870,[{'place_id': 'ChIJBx9rftpRqEcRupd9FMZJ5gA'}]
+493097893808,[{'place_id': 'ChIJtxFydelRqEcRMRpzCF-gqPw'}]
+491782322988,[]
+4917661941932,[{'place_id': 'ChIJHa_Ak8FRqEcR2V5tDfoBFPU'}]
+49304487286,"[{'place_id': 'ChIJo_0q7ORRqEcRbowoQuoAblc'}, {'place_id': 'ChIJo_0q7ORRqEcRRgXL-99sizY'}]"
+491727319420,[]
+493030307047,[{'place_id': 'ChIJ69_cOQRRqEcR4evzZa3LpKU'}]
+4915124105136,[]
+493028097212,[{'place_id': 'ChIJ2TcU5eNRqEcRQ7R-rfEdfQo'}]
+491734575942,[]
+493035529966,[{'place_id': 'ChIJAQCzWqVRqEcRIKoo5i1qGX0'}]
+493061620801,[{'place_id': 'ChIJ--g8-PxRqEcRxV2mfEdI9hs'}]
+493044010494,[{'place_id': 'ChIJDygZZPtRqEcRMfa3mz6wHuA'}]
+4917661778485,[]
+493050182117,[{'place_id': 'ChIJ0dM_p-JRqEcRLf5rbdVPZAA'}]
+491749202709,[]
+493028609214,[]
+491732307762,[]
+4917683214391,[]
+493020621900,[{'place_id': 'ChIJNacWhidOqEcRstfdBVU4E7Y'}]
+493024727575,[]
+49302836940,[{'place_id': 'ChIJ1zUeNOBRqEcR3KFIDPHd630'}]
+493024723185,[{'place_id': 'ChIJ9doHMh5OqEcRkqHEbX0Va4w'}]
+49302832136,[{'place_id': 'ChIJEY8-PeFRqEcRB42FvWxpvVA'}]
+493028099597,[{'place_id': 'ChIJ9doHMh5OqEcRpBuTy_JIHzY'}]
+493024345740,[{'place_id': 'ChIJM9lUPudRqEcR_39uL7qeDqU'}]
+4930403639552,[{'place_id': 'ChIJVzaiejpRqEcR3dH5Vap8y9E'}]
+4915124056516,[]
+493028043240,[{'place_id': 'ChIJTc1KSh5OqEcRdYUVZlCTfGw'}]
+493097005787,[{'place_id': 'ChIJm_HLX99RqEcRiydKq4B0-a4'}]
+493020054515,[{'place_id': 'ChIJSTChU-dRqEcRW8rU0O05yvk'}]
+49302425247,"[{'place_id': 'ChIJJQ4peMYjZUERGRMjwXNM1Qw'}, {'place_id': 'ChIJobfQtiBOqEcRm9sZgIG5vd0'}, {'place_id': 'ChIJobfQtiBOqEcRvRyfyhs7CbQ'}]"
+4930726202070,[{'place_id': 'ChIJfS0kcCNOqEcRO1W_7PLO48E'}]
+49302425528,[{'place_id': 'ChIJ1WEbzyNOqEcRKqrOGWDKPMs'}]
+4917662868516,[{'place_id': 'ChIJe5syLQZPqEcRnOVwF3A3ZR0'}]
+4917662860653,[]
+493031198340,[{'place_id': 'ChIJD-PcdL5PqEcR1khkYKjKq0A'}]
+4915772543987,[{'place_id': 'ChIJ2TqBc1lPqEcRpPfYZIPHrMY'}]
+493020215060,[{'place_id': 'ChIJW_gUyi9OqEcRDq8NWrTcZmw'}]
+493029778590,"[{'place_id': 'ChIJGcZbblBOqEcR5cTGTkNfGlw'}, {'place_id': 'ChIJGcZbblBOqEcR9A85JuJ7yYA'}, {'place_id': 'ChIJn-EIb1BOqEcRWIuoaTbw6f4'}]"
+493025295830,[{'place_id': 'ChIJ17EosS1PqEcRG7Rit-l2brI'}]
+4915141696969,[{'place_id': 'ChIJaeRNwk1PqEcR2_rp-a7TVAw'}]
+493020687549,[{'place_id': 'ChIJqbpNxEZOqEcRViO_0U4FCEc'}]
+493029364913,[{'place_id': 'ChIJGVFYHEdOqEcRuDtQc6X8cCw'}]
+49302947883,[{'place_id': 'ChIJ7RI7dEJOqEcRpkX4ETY_pTY'}]
+493029047619,[{'place_id': 'ChIJ38sGoF1OqEcR0Ow2JvpOo2E'}]
+4915145297771,[]
+4917660886670,[{'place_id': 'ChIJsUNkReVRqEcRNZeEqYNxs8I'}]
+4915145946982,[{'place_id': 'ChIJ0WmXlj5PqEcRn-lYcMja1Ok'}]
+493070086735,[{'place_id': 'ChIJsXeZNFlOqEcRwpkdUdGm43g'}]
+493029771231,[{'place_id': 'ChIJOTQkx15OqEcR4xkt2tIj6Xc'}]
+493093670802,[{'place_id': 'ChIJ4RI-BPdOqEcRv4SVU_GFofA'}]
+493035510923,[{'place_id': 'ChIJDxAqOPFOqEcR7KqNK4K2uuA'}]
+493093621978,[{'place_id': 'ChIJGayp0F5OqEcRr83cz2j1cwM'}]
+4915151449894,[{'place_id': 'ChIJra4mkCVPqEcRhDAM_qnVkOI'}]
+493081724983,[{'place_id': 'ChIJ2c3KyF5OqEcRIYVxKgKuu-M'}]
+491799834298,"[{'place_id': 'ChIJ-QxEwV5OqEcRmvijfn9uHY0'}, {'place_id': 'ChIJF-e_uV5OqEcRnIN4zvoBCIA'}, {'place_id': 'ChIJBXdENqMapEcRRhl6JHPWO-A'}]"
+4917684833309,[{'place_id': 'ChIJz51-1vBOqEcRc_xSIfUjoh4'}]
+4917620937509,[]
+491725412634,[]
+493028429881,[{'place_id': 'ChIJvRq-0FtOqEcRdPMufKKeQ-w'}]
+4915735108747,[]
+493022462198,[]
+493020050882,[{'place_id': 'ChIJT8y0vfBOqEcRZ2A2Tn_ZnjM'}]
+4930300190141,[{'place_id': 'ChIJ6fsDQaZPqEcR3-HLPypeKhc'}]
+4915788948011,[{'place_id': 'ChIJ_-u_slFOqEcRc0jMpzKA48c'}]
+493029779790,[{'place_id': 'ChIJlx51eF5OqEcR_g97GYMA5ig'}]
+493029364069,[{'place_id': 'ChIJgwSNNvdOqEcRbRgJFv8hHwI'}]
+493022360175,[]
+493055467368,[{'place_id': 'ChIJZ6hpXvVOqEcRNwgtDIFyric'}]
+493039480414,[{'place_id': 'ChIJZ8hhqF9OqEcRSyKqvVR7zl8'}]
+493026077156,[{'place_id': 'ChIJo9YOY4pOqEcRagWIzFHfpKU'}]
+493029385422,[]
+4917663186134,[]
+493060957146,[{'place_id': 'ChIJt9_aL2BOqEcRFvSKK1Dyy5I'}]
+491735769283,"[{'place_id': 'ChIJ8Wkub15OqEcRTVsVWG2g4Q8'}, {'place_id': 'ChIJKWWYXSdVqEcRmDPxmz51Mwc'}]"
+493054703072,[]
+493089997296,[{'place_id': 'ChIJbzLtEGlOqEcRYfPnkq2qlbg'}]
+493093622303,[{'place_id': 'ChIJXbho8RBOqEcRFKhJDk8-3Yw'}]
+493048622769,[{'place_id': 'ChIJPyWhVRFOqEcRf8HBWmNl7Lk'}]
+4915750454794,[{'place_id': 'ChIJhQ1iY7hOqEcRhNsFfC1OB3g'}]
+4917631542264,[]
+493052696060,[{'place_id': 'ChIJD2R2AcFOqEcROOsNQ7KkZGQ'}]
+4915237635790,[]
+49305252541,[{'place_id': 'ChIJ_6fFVMBOqEcRZHqF4VL7iV8'}]
+493055576067,"[{'place_id': 'ChIJW8VRIu9OqEcRsCiy-mU_314'}, {'place_id': 'ChIJW8VRIu9OqEcRdYGW7U14okc'}]"
+493098419956,[{'place_id': 'ChIJh4dfnddIqEcR-yHNYknc4tE'}]
+4917648222615,[]
+493022680616,[{'place_id': 'ChIJZ-5wGMNJqEcRYjtACxE7xYQ'}]
+493057795070,[{'place_id': 'ChIJQ60PRJBOqEcRRcWC3MTdLnI'}]
+493085735738,[{'place_id': 'ChIJu7wRuI1OqEcR2MnrEs40frE'}]
+4915233738308,[{'place_id': 'ChIJBUQ0Lh1OqEcROpHg79CDsc0'}]
+493044317525,[{'place_id': 'ChIJedQX7QNOqEcRO900Oc6mT6Y'}]
+493094058335,[{'place_id': 'ChIJVVWhbwNOqEcRaZUd2XJT4a4'}]
+493055578078,[]
+4917655493552,"[{'place_id': 'ChIJ9xTpUwdOqEcRiuEMtzgNJaw'}, {'place_id': 'ChIJQQSryPVPqEcRuesT8qWZSRE'}]"
+491701849937,"[{'place_id': 'ChIJO2d2m_9RqEcRS26zuZqKzVI'}, {'place_id': 'ChIJUfCtNAVOqEcRGKIuvRsWmRI'}]"
+4917648779334,[]
+49304419261,"[{'place_id': 'ChIJbWg1bwFOqEcRNbDIVGvgYDI'}, {'place_id': 'ChIJbWg1bwFOqEcRXaNpbSM665w'}]"
+491775438554,[]
+4930209164628,[{'place_id': 'ChIJyzJ1LNlPqEcRy_KWpSrjz0E'}]
+49304425301,[{'place_id': 'ChIJVxwwiANOqEcROvHO5CFCifY'}]
+493070129610,[{'place_id': 'ChIJm7-IVw5OqEcRxFRycnVAoUE'}]
+493042851030,[{'place_id': 'ChIJb-CtNw5OqEcRp3kuYtPtR-I'}]
+491622942471,[]
+493043770077,[{'place_id': 'ChIJb5hwHxBOqEcRkXNTv0ytAEg'}]
+493055216150,[{'place_id': 'ChIJ1-e9CQ9OqEcRnz5wfurfouw'}]
+4915735235395,[{'place_id': 'ChIJl5g9BQlOqEcRhTg_6syiEl8'}]
+493096083228,[{'place_id': 'ChIJH9SSdg5OqEcRnNNxEppzTmo'}]
+493042024665,[{'place_id': 'ChIJfTjGr3ZOqEcRgIR3ooJBTQE'}]
+491738330390,[]
+49304429965,[{'place_id': 'ChIJi03_EABOqEcRNt4T6iTkOuE'}]
+491637590868,[]
+493026074244,[{'place_id': 'ChIJO9gSHQZPqEcRpzlBbrmTXy0'}]
+4930208488020,[{'place_id': 'ChIJyWdFA_lRqEcRPDXaiTYiPmk'}]
+4917660806071,"[{'place_id': 'ChIJB5hhpFJOqEcRGGuZneP0Bvo'}, {'place_id': 'ChIJZWhH5f9RqEcR-7MxOmONO1Y'}]"
+4944034594,[{'place_id': 'ChIJjy7XnifjtkcRqomY-d95Amg'}]
+493053677801,[{'place_id': 'ChIJPThB-RlPqEcRRJoQ0kRd4bI'}]
+493044044743,[{'place_id': 'ChIJu20u0QFOqEcR7FdAKIEi-qE'}]
+491723252403,[{'place_id': 'ChIJqTlWAgFOqEcRyB_Nn8P9cUA'}]
+4917662538130,[]
+491708942582,[]
+493020620304,"[{'place_id': 'ChIJKzAqy9pRqEcR8M6bFpygXF8'}, {'place_id': 'ChIJycWvFjFPqEcRgdqXOOxdfYQ'}, {'place_id': 'ChIJJ4qAvkRPqEcRvb4915fW3PU'}]"
+493088669886,[{'place_id': 'ChIJj4C73qdRqEcRUBPH6sXe-rY'}]
+4917699508676,[]
+4917632731007,[]
+493044052545,"[{'place_id': 'ChIJB-CkjP9RqEcRITyvgp5re2E'}, {'place_id': 'ChIJA3KAjP9RqEcRYpXdEyxV5Uo'}]"
+493022150775,[{'place_id': 'ChIJFeqgHQNSqEcROmf9BQqthag'}]
+493028439399,[{'place_id': 'ChIJ37g3F_9NqEcR_xu_n9ULo08'}]
+493024536358,"[{'place_id': 'ChIJBdL_ng1RqEcR06jtU4KvYyQ'}, {'place_id': 'ChIJXfoTFf9RqEcRVdM0x8ae0JY'}]"
+493041192288,[{'place_id': 'ChIJMag-swBSqEcR1eUBrFfn-W0'}]
+4917620155814,[{'place_id': 'ChIJb6BuMqdTqEcRgkLp424Llfo'}]
+493044673243,[{'place_id': 'ChIJ4d1PzP9NqEcRyqAqza4K6NY'}]
+493083212440,[{'place_id': 'ChIJ07hx2gFSqEcR-H0iMVOy6BI'}]
+493084514122,[{'place_id': 'ChIJn-ji_r1NqEcRwcmnb6K9pXk'}]
+493041714053,[{'place_id': 'ChIJ9Q0C_oRRqEcRDkNZH1OIj7E'}]
+493088062870,[{'place_id': 'ChIJqa8_eQRSqEcRxUYVwl7g5GQ'}]
+493040005612,"[{'place_id': 'ChIJ3_mhIl1RqEcRox4hM9CgT1Q'}, {'place_id': 'ChIJ15aXZgFSqEcRM8ekQxGerf0'}, {'place_id': 'ChIJAQCQZgFSqEcRXytaoPeZm0o'}]"
+4915259555666,[]
+49304463339,[{'place_id': 'ChIJ3cBD4_5NqEcRSarsY9-reDo'}]
+4917672445140,[]
+4917660503712,[]
+493055577584,[{'place_id': 'ChIJ5WJqlARSqEcRFs9nV4DQ6Uc'}]
+493065838130,[{'place_id': 'ChIJs4s4FP5NqEcRX53AsKWLC1g'}]
+493055242448,[{'place_id': 'ChIJTbAOBABSqEcRD-cP31BLmr8'}]
+4915158128837,[]
+493040041927,"[{'place_id': 'ChIJsXyGewBSqEcRNDyiAkGRl1g'}, {'place_id': 'ChIJicnjegBSqEcRTP8lIjDUexE'}]"
+491721676822,[{'place_id': 'ChIJoWBGBAZSqEcRZZGUc3upP2g'}]
+493044793040,[{'place_id': 'ChIJu4YcYhpSqEcRcGhp8q9eKbM'}]
+493052666933,[{'place_id': 'ChIJu19RZnNRqEcRzB9hucWHot8'}]
+493049956625,[{'place_id': 'ChIJq_UYjjNRqEcRZaOHWYNGaBw'}]
+49303963971,[{'place_id': 'ChIJi1Aqo3JRqEcRWoxN7JnWEZc'}]
+491705810100,[{'place_id': 'ChIJETXn6gxRqEcRqPm68igQEpg'}]
+4917649220550,[{'place_id': 'ChIJ9fc8fxFRqEcRMwkzsTU2yRU'}]
+493036759248,[{'place_id': 'ChIJjaul63JZqEcRF6R8Rn-9KlE'}]
+4915759511188,[]
+49303933039,[{'place_id': 'ChIJi6jL8AtRqEcR15QB16sJSYk'}]
+491629892331,[]
+491737206249,[{'place_id': 'ChIJVVXF9RFRqEcRa7tL6AB4rjU'}]
+493039905626,[{'place_id': 'ChIJ6bQo-hFRqEcRBEJNC3_WuBU'}]
+49305480084214,[]
+491628463095,[]
+4917661606395,[]
+493061287300,[]
+49303417041,"[{'place_id': 'ChIJUautsiVRqEcRtqrHmA3Lbmw'}, {'place_id': 'ChIJUautsiVRqEcRdJjZx9OWyHs'}]"
+493034806995,[{'place_id': 'ChIJz_uenVVRqEcRP41coq6bJEc'}]
+493034509849,[]
+491637779227,[{'place_id': 'ChIJe3K7BohRqEcRZDnfzTBgITs'}]
+49303414166,[]
+49303411447,[{'place_id': 'ChIJDWxz3CZRqEcRXGDatkETSXw'}]
+493065839897,"[{'place_id': 'ChIJP5Xg2z1RqEcR-2M8QJVWOJY'}, {'place_id': 'ChIJd8T8hzpRqEcR3eXU5fkP4fo'}]"
+49303454565,"[{'place_id': 'ChIJNT5IvDpRqEcR_BhAJaTTmys'}, {'place_id': 'ChIJe3fkvDpRqEcRBaPsjuOF4mk'}]"
+493031802507,[{'place_id': 'ChIJ90kGUh1RqEcRhV-0LaaiekI'}]
+493081406190,[{'place_id': 'ChIJx5A0vPxQqEcRk85VkfQ1oik'}]
+493030831234,[{'place_id': 'ChIJF4g8lf1QqEcR84EtdV4KUgE'}]
+49303124952,[{'place_id': 'ChIJb6AiJv1QqEcRQuhkF6bzTIg'}]
+49303132659,[{'place_id': 'ChIJsdOqTQxRqEcRhj1prfLTfBY'}]
+49303125449,[{'place_id': 'ChIJySmR6OJQqEcRicbXnpuvr44'}]
+49308836293,[]
+4917662164712,[]
+4917664758981,[]
+493022666400,[{'place_id': 'ChIJ6Y9sO3NRqEcRJn-p9cplfNw'}]
+49303132625,"[{'place_id': 'ChIJQw2cO_xQqEcRmm3f36gHsBY'}, {'place_id': 'ChIJQw2cO_xQqEcRZ6F2mG0SkTI'}, {'place_id': 'ChIJQxeiHVZQqEcRg0WpE5Opt08'}]"
+493031015806,[{'place_id': 'ChIJYVzO0eJQqEcR1CAoCRnCueo'}]
+493031016116,[{'place_id': 'ChIJwUF4j-JQqEcRkgvvBS7SqhI'}]
+49303123029,[{'place_id': 'ChIJ_-Br3OJQqEcRYSIeb9C1T64'}]
+49303128615,[{'place_id': 'ChIJB_q4QR1RqEcRwrVYkC6fQ58'}]
+493030827833,[{'place_id': 'ChIJBUVXPv5QqEcRGlvQnGYFiUg'}]
+49303133162,[{'place_id': 'ChIJwZePTvxQqEcRqc_BrpiJGfU'}]
+491704675756,[{'place_id': 'ChIJR7U0JP1QqEcRDSBQWTzOjPQ'}]
+49308811350,[{'place_id': 'ChIJRQTOp-RQqEcRhkybSua9CMY'}]
+493088624853,"[{'place_id': 'ChIJ6cr-PfxQqEcRzvNqXmHPRjo'}, {'place_id': 'ChIJa11fFfxQqEcRNJFwSuL3d3Q'}]"
+493031997572,[{'place_id': 'ChIJ87nI3-BQqEcRidBeWPIEENY'}]
+493031802433,[{'place_id': 'ChIJw57zPR5RqEcRuxsSS1Ga3xM'}]
+4915906158114,[{'place_id': 'ChIJldPDf5VRqEcRypDTENyoMhk'}]
+49303123937,[{'place_id': 'ChIJc4rJquFQqEcRv4FLweuqOkg'}]
+493031511655,[{'place_id': 'ChIJJ1rIsstPqEcR6I5njBvubK0'}]
+49303246882,[]
+493085607429,[{'place_id': 'ChIJ_xW4NjtRqEcRxwb640b0dDI'}]
+4917632867296,[{'place_id': 'ChIJY9noQ6JRqEcReUlN34gUSaE'}]
+4930403639550,"[{'place_id': 'ChIJl4yRmeBQqEcRJ038cgJlcBA'}, {'place_id': 'ChIJVVVJrcFRqEcR0VPTPeEM1IQ'}]"
+4917631465659,[]
+4963960727,[]
+493031805327,[{'place_id': 'ChIJjydLYNlQqEcROzeXcmIZxm4'}]
+493036412050,[{'place_id': 'ChIJMQeLKN5QqEcRzR0sdi6lJjY'}]
+493065217749,[{'place_id': 'ChIJK0CW8eNQqEcRSAtDt3wuewM'}]
+49303231697,[{'place_id': 'ChIJs4_Gjt1QqEcRqdONA9wDYsM'}]
+49308836111,[{'place_id': 'ChIJbTzO0uVQqEcR1jy2cDBj7SI'}]
+493031102869,[{'place_id': 'ChIJJ7SIBL0jZUEReAPla7NZSC0'}]
+493055594563,[{'place_id': 'ChIJ3xmvfedQqEcR0vEFu4ewQQc'}]
+49308814241,[{'place_id': 'ChIJ9ccFU_tQqEcRfWlTOgu2OzI'}]
+493088912864,[{'place_id': 'ChIJz6NPsudQqEcRiiN7zuoS0u4'}]
+493088709811,[{'place_id': 'ChIJvzYbfuNQqEcR08rQEEOvfxk'}]
+493024356282,[{'place_id': 'ChIJ48RcU-VRqEcR5vmfqGFxRLM'}]
+491716240736,[]
+493050178033,[{'place_id': 'ChIJFwMFQN1QqEcRwkulxXFy-2Q'}]
+491726811431,[]
+4917643669427,[{'place_id': 'ChIJG_KD-TxRqEcRpeu0WzFkMpg'}]
+491634552760,[]
+493088728754,[]
+493088677509,[{'place_id': 'ChIJ80LLUu9QqEcR5OKoBF1sv5M'}]
+493025291100,[{'place_id': 'ChIJf4cV5eVQqEcRjSpYtMoP1Hs'}]
+491732088918,[]
+493088773922,[{'place_id': 'ChIJDa7Qk-VQqEcRBoMfDO5ass4'}]
+4915141803551,[]
+49303233318,[{'place_id': 'ChIJxxHclcJQqEcRW3QxkHp9V0Y'}]
+49303234027,[{'place_id': 'ChIJ7dILBcNQqEcRGR1eR_iziD8'}]
+49308919355,[{'place_id': 'ChIJhar0cOhQqEcR8M_aSc0Rv_g'}]
+493085606575,[{'place_id': 'ChIJd3Iqc8ZQqEcRBIMjux5dYM8'}]
+493066642549,[]
+493089043786,[{'place_id': 'ChIJPYcLH8RQqEcR8RC4CspLVRs'}]
+49308225133,[{'place_id': 'ChIJ5Rv0TvJQqEcR5c_O5sfoO8I'}]
+493047980984,[{'place_id': 'ChIJDfydvIxQqEcRM_HHzHd8EHw'}]
+493022474610,[{'place_id': 'ChIJDdWPNfNQqEcRc0gnoKag6zU'}]
+491799383586,[]
+493064467945,[{'place_id': 'ChIJaVGI3qlRqEcR3ox9Pdw0gV4'}]
+493086313010,[{'place_id': 'ChIJw_2qswdRqEcRPzDcgzNiCxY'}]
+493085072860,[{'place_id': 'ChIJ4xP-KopQqEcRjdeoLco1CiM'}]
+493053677220,"[{'place_id': 'ChIJYQPiRvRQqEcRinAgkfIr-ow'}, {'place_id': 'ChIJ_5tBOPRQqEcRZdPhKpkGqA4'}]"
+493086313540,[{'place_id': 'ChIJT3AsE_NQqEcR9gbwqJX9vSc'}]
+4917670344343,[]
+49308614557,[{'place_id': 'ChIJ-Qw9U_FQqEcRGzDrQvhVIx8'}]
+491723877883,[]
+493063376807,"[{'place_id': 'ChIJC1IU9vxQqEcRQPmIqO10IT8'}, {'place_id': 'ChIJE-qVNfZRqEcR9M5pqiHyZnM'}, {'place_id': 'ChIJ___Pb49HqEcR_dKS54ghWWw'}, {'place_id': 'ChIJ___Pb49HqEcRFc95jwo20QY'}]"
+493088712076,[]
+491602367195,[]
+493086332466,[]
+493089726603,"[{'place_id': 'ChIJZ31Zt_pQqEcRbVoRbTbIh_Q'}, {'place_id': 'ChIJOdy7wxZQqEcRSsNqnsiiLNg'}]"
+493088629282,[{'place_id': 'ChIJ20u7sv5QqEcRuQJ_BO9mx4Q'}]
+49308819378,[{'place_id': 'ChIJL0EhkPBQqEcRjIToWIYqE5g'}]
+4930884620,[{'place_id': 'ChIJY5Xdsf5QqEcRd1E2widw50E'}]
+4930284700331,[]
+49308814710,[{'place_id': 'ChIJldsmXZpRqEcR6-BsKUy8jdY'}]
+491604770382,"[{'place_id': 'ChIJNexdPvpQqEcRRz89YAP5XSI'}, {'place_id': 'ChIJSafWF_pQqEcRYsCeNH2TwXg'}]"
+49302161946,[{'place_id': 'ChIJS7EI6E5QqEcRCTSd9OLpWOM'}]
+49302116642,[{'place_id': 'ChIJFb94LlFQqEcRXnI78AM-P3s'}]
+493025797597,[{'place_id': 'ChIJVVVVlVBQqEcRjCE7DReVfcg'}]
+49302101801,[]
+493021913812,"[{'place_id': 'ChIJg4r87E5QqEcRVGvcLCUblA0'}, {'place_id': 'ChIJjVZhdv9RqEcRuDJvMuikn_c'}, {'place_id': 'ChIJ6ZlORedQqEcRIToRJViRh0g'}, {'place_id': 'ChIJJTOlHEFQqEcRxlP3yHiDzgU'}]"
+493091553462,[{'place_id': 'ChIJJa-e1VZQqEcRonVFHbZQmjk'}]
+493026947748,[{'place_id': 'ChIJh40WX1xQqEcRt46Zkis4lFU'}]
+4915128910181,[{'place_id': 'ChIJX4clYiZRqEcRedS_C1JeS0Y'}]
+498545356,[]
+493020859800,[{'place_id': 'ChIJDebmGU9QqEcRN_wF9NLo1es'}]
+493061290012,[{'place_id': 'ChIJdVAoHE9QqEcRT1azafbAFiI'}]
+493023186596,[{'place_id': 'ChIJxSU_Ak9QqEcRIltAKjo_LIg'}]
+493074698504,[{'place_id': 'ChIJOwX4nEZQqEcRNZqMdesNSII'}]
+493021752240,"[{'place_id': 'ChIJUy25o0ZQqEcRiLCBXJjFdaw'}, {'place_id': 'ChIJT8ZrzVxZqEcR4L_Db1vpgSc'}]"
+49302111990,[{'place_id': 'ChIJ6cOiKEVQqEcRF936vU3vg18'}]
+493068074565,[{'place_id': 'ChIJjaJFgERQqEcRquV8dsnN1y4'}]
+493023005220,[{'place_id': 'ChIJj8qHRU1QqEcRGcrEU3aTRis'}]
+493092122900,[{'place_id': 'ChIJmUfAIURQqEcRDIOKVm7Xtz4'}]
+49302162973,[{'place_id': 'ChIJI46k0TlQqEcRm3thqKyx6Pw'}]
+4917684531565,[]
+493054464986,[{'place_id': 'ChIJI46k0TlQqEcR05GjKjZ4i2g'}]
+4916096478416,[{'place_id': 'ChIJhc1wAj1RqEcRVTU24Mx650U'}]
+493026399450,[{'place_id': 'ChIJ_ZE_vUpQqEcR6W_kz0BCTuE'}]
+493055233823,[]
+4917661767845,[]
+493021007000,[{'place_id': 'ChIJq9E7q1VQqEcR1Oq1th0uDKc'}]
+491717892575,"[{'place_id': 'ChIJK0mlwVNQqEcR3Dgp6RCiNOI'}, {'place_id': 'ChIJmfT1vbNRqEcRP1DLIF13024'}]"
+49303117220,"[{'place_id': 'ChIJT9fbkKtRqEcR44YTL04xBb0'}, {'place_id': 'ChIJGYTmkKtRqEcRWx2mn3U_McE'}, {'place_id': 'ChIJT9fbkKtRqEcRW7Qk4fSCuxY'}, {'place_id': 'ChIJCwDgj6tRqEcRillbC5z82Gs'}]"
+493026393905,[{'place_id': 'ChIJO2UEZVVQqEcRgEA4I_TbaAY'}]
+49302140262,"[{'place_id': 'ChIJzY2-qI5XqEcREV12olagC24'}, {'place_id': 'ChIJjyeGYf9QqEcRxmk8gofnSu4'}]"
+49302614254,[{'place_id': 'ChIJpcO8eVVQqEcRy-wiYvgzInE'}]
+49303422040,[{'place_id': 'ChIJp57WBCZRqEcRQ3TvXAOKNFo'}]
+493054978755,[{'place_id': 'ChIJdVD5hcRRqEcRtLpoXJzkZ60'}]
+493023637971,[]
+493054821590,[{'place_id': 'ChIJB8tz_VNQqEcRooYgIoiHhOI'}]
+4917630651996,[]
+4930219196894,[]
+49302114964,[{'place_id': 'ChIJv6dSCFRQqEcRz4P7D8-_VZo'}]
+4917661382707,[]
+493033930030,[{'place_id': 'ChIJq_swYHRRqEcRC2FML8JuUR4'}]
+49307843176,"[{'place_id': 'ChIJL_Fv40BQqEcRvIZ5IbwYQWs'}, {'place_id': 'ChIJKSyqAkFQqEcRA5IS5v7gSe8'}]"
+49307842059,[{'place_id': 'ChIJD6AUe0FQqEcReUr1EfmIZcw'}]
+491713888990,[{'place_id': 'ChIJEWpVkEFQqEcRTUU3LT_FSgg'}]
+49307822578,[{'place_id': 'ChIJJXQxSUFQqEcRCXrPkzlxmj4'}]
+49307819413,[{'place_id': 'ChIJV2hCh0JQqEcRSbgYwn3uQrA'}]
+49308535255,[{'place_id': 'ChIJxUxZtV1QqEcRJ4sJBsKdDvw'}]
+49307811588,[{'place_id': 'ChIJb4zEfjhQqEcROQqMWh6hX_o'}]
+493078719122,[{'place_id': 'ChIJm86-BD9QqEcRhxJP2grRlpg'}]
+4917624124366,[{'place_id': 'ChIJ0_0_-9JRqEcRdbtWjxhw51M'}]
+493078954884,[{'place_id': 'ChIJg_jVFhZQqEcRhVN7RwXvpqM'}]
+493092218409,[{'place_id': 'ChIJYyFdT2ZRqEcRqpwWmj4CCo0'}]
+49306921111,[{'place_id': 'ChIJrRd29M9PqEcRxLf3tfr7NZ8'}]
+4917699458781,[]
+4917630683951,[]
+493060059888,[{'place_id': 'ChIJqX9cqp8jZUERNBZEoOxeSGA'}]
+49302512715,[{'place_id': 'ChIJoYf2NCpQqEcRjOYTi2dX20c'}]
+493020678257,[{'place_id': 'ChIJmYSqzidQqEcRqmwSWz_BOEA'}]
+491776247790,[]
+493067795169,[{'place_id': 'ChIJGRR6GV1PqEcRqwlhbD5Qkyo'}]
+491714896866,[]
+49306926293,[{'place_id': 'ChIJ651ttdNPqEcR4-hPi3ygHxg'}]
+49306913903,[{'place_id': 'ChIJr677_tdPqEcRkL4Jdb8MwfM'}]
+491758670682,[]
+493055577606,"[{'place_id': 'ChIJoWMZoR1OqEcR_ZCD-qZZGkA'}, {'place_id': 'ChIJU1qJezNQqEcRC6S-QH3btN4'}]"
+4930403645070,[]
+493076232253,[{'place_id': 'ChIJ71QUNthPqEcRPpCjZkMAnhI'}]
+493077326213,"[{'place_id': 'ChIJJxFKRyZQqEcRK3PbIlYA-XQ'}, {'place_id': 'ChIJGQveM2lOqEcRnkrfTnjZanM'}]"
+4915734438859,[{'place_id': 'ChIJzYTOYMlPqEcRwI9Q_IBI1v0'}]
+493055611216,[{'place_id': 'ChIJkV4EwMtPqEcRMVvQJHt7_ec'}]
+493069001522,[{'place_id': 'ChIJsd4z3M5PqEcRun-Zo1GDyUA'}]
+493072290850,[{'place_id': 'ChIJl6_14shPqEcRZgpoRfj60MI'}]
+4915203130474,[]
+493069001624,[{'place_id': 'ChIJA2r4fs9PqEcRsKbTP918OAM'}]
+491723658997,[{'place_id': 'ChIJ0XiPCxxPqEcRlz6dYYtNzaU'}]
+491759331871,[{'place_id': 'ChIJ___vgMtPqEcRubSh5VwATmg'}]
+493065799437,[{'place_id': 'ChIJ4SNKMMxPqEcRy9-Y809GOgc'}]
+493027017120,[{'place_id': 'ChIJzdDT8S1OqEcRJa31nXPP6H8'}]
+493025291828,[]
+493025940610,[{'place_id': 'ChIJNdtTjdNRqEcR-n4Xa0Y92G4'}]
+491772084785,[{'place_id': 'ChIJ76KkCoxRqEcRklhSCLoSBug'}]
+493025937930,[{'place_id': 'ChIJpdyYVNFRqEcRFTrYsDXDrY4'}]
+491776814121,[]
+493055279099,"[{'place_id': 'ChIJqy7zsi1OqEcR1ld8-nU8PGU'}, {'place_id': 'ChIJxycyzC1OqEcRxt40XrriE-g'}, {'place_id': 'ChIJYcSRcM5PqEcRu63qzIZw6Tg'}]"
+491732157480,[]
+493069001126,[{'place_id': 'ChIJs7WOip1PqEcRFIjgEu8WFeM'}]
+493075442688,[{'place_id': 'ChIJY8CwLb1PqEcRsrmrfjLgD-k'}]
+49306123581,[{'place_id': 'ChIJkUK660tOqEcRuCui4omy28c'}]
+491775518788,[{'place_id': 'ChIJ1SX7P0pOqEcRvWQyUS3aGd0'}]
+4930306123581,[]
+493061073338,[{'place_id': 'ChIJlV40EExOqEcRw-LRQsb4aos'}]
+4915127562242,[]
+493069537859,[{'place_id': 'ChIJ7ToW0ktOqEcRkTfPfUpLiJQ'}]
+491627676557,"[{'place_id': 'ChIJH8scoDROqEcRLoBhKN6FnWY'}, {'place_id': 'ChIJf66YoTROqEcRPsc0rNaPf3E'}]"
+493023929222,[{'place_id': 'ChIJM7oiqTNOqEcRdxavYjMyCM0'}]
+4915115222133,[]
+491633344512,[]
+493092210027,[{'place_id': 'ChIJkefnujNOqEcRhWUSkpCpFxE'}]
+491785107999,[]
+493061074703,[{'place_id': 'ChIJ5xsyJUtOqEcRpYDjSvHEf-k'}]
+493027695938,[{'place_id': 'ChIJDSV-58pPqEcRhlyCWYXDiy8'}]
+4917621810938,[{'place_id': 'ChIJeaQbNUpOqEcRF75kBlRUOEk'}]
+493030368731,[{'place_id': 'ChIJ0c70wUpOqEcRUizUrY_mdm8'}]
+493069598880,[{'place_id': 'ChIJ-8fl7MpPqEcRsHvXVp8w3WU'}]
+4917631544906,[]
+493069533322,[{'place_id': 'ChIJ8zrp7MpPqEcRDenVxXNoe8Y'}]
+491723212550,[]
+4917623642440,[]
+4915226785024,[{'place_id': 'ChIJIVn2JMtPqEcRiWCC-ynqqfM'}]
+4917630368903,[{'place_id': 'ChIJp1eUVbNPqEcReoQxg5fUiIo'}]
+493054821866,[{'place_id': 'ChIJ8Usso7RPqEcRWM6jtBzsVQo'}]
+493069533377,[{'place_id': 'ChIJI6J4YTVOqEcRpEb0fpnAQ3w'}]
+493023627446,[]
+49306869020,[{'place_id': 'ChIJ53sPfKFPqEcR2YoRxw94yBw'}]
+493052282862,[{'place_id': 'ChIJyaJmgJ9PqEcRmFMyFfFqJGQ'}]
+4915157120582,[{'place_id': 'ChIJ__8vlTdOqEcRL5qUPL8v5Gc'}]
+493098407141,[{'place_id': 'ChIJdfbVz6lPqEcRlFgfrThRZrg'}]
+493092287098,[{'place_id': 'ChIJ9ffdWahPqEcRhBcRYStdP8A'}]
+493054484414,[{'place_id': 'ChIJXVnQ2W8jZUERxKw4SbZfde8'}]
+493054612587,[{'place_id': 'ChIJUYaM0LVPqEcRn4lzNsb2sNA'}]
+4917661264817,[{'place_id': 'ChIJlQ0yd2JQqEcREMf7Y-d-Nco'}]
+49306135547,[{'place_id': 'ChIJ6WHKSLRPqEcR64C_aSeiVYM'}]
+491729884176,[]
+4917632581887,"[{'place_id': 'ChIJ_1EXGRtPqEcRbI5BkLH40XM'}, {'place_id': 'ChIJzXFVQhdPqEcR8fn-60rkmr0'}]"
+4915251353816,[]
+493062984846,[{'place_id': 'ChIJubzbZZZPqEcRI1YDmJuY9Is'}]
+4915788221794,[{'place_id': 'ChIJ17uJN75PqEcRKVO6yDVtNog'}]
+493032890881,[{'place_id': 'ChIJRxDwhb1PqEcRaEOo7zWvtkk'}]
+493098401005,[{'place_id': 'ChIJldN_tzxPqEcRi2oU429bekA'}]
+493068813061,"[{'place_id': 'ChIJw_7Px55PqEcRkZoHHLA_UBM'}, {'place_id': 'ChIJ96uvuZ5PqEcRCSp7wVlVRpA'}]"
+493055287575,[{'place_id': 'ChIJx_0fypBPqEcR5odMNUDq8kM'}]
+4917656450922,"[{'place_id': 'ChIJ7Q9MZzZQqEcRbQ_yzDuXZks'}, {'place_id': 'ChIJafUXPZ1PqEcRDCGbZZejqD4'}]"
+4930398200000,[{'place_id': 'ChIJq6pOVrtPqEcROA4mHsDYIjI'}]
+4917699501990,[]
+4915755176624,[]
+4915120600648,[]
+493078950854,[]
+493075443366,[{'place_id': 'ChIJURVJC1ZFqEcRUdfrUEvxsZQ'}]
+4917687837110,[]
+491778593555,[]
+4975764174,[]
+493076007018,[{'place_id': 'ChIJRcgAZ_9PqEcRY423WAl9tN0'}]
+49307863701,[{'place_id': 'ChIJjW9bSfxPqEcRpaXVOsDT9c4'}]
+493075503120,[{'place_id': 'ChIJHeF9dalUqEcRTwFvajc8Eoo'}]
+493076007610,[{'place_id': 'ChIJ6-UIwlRFqEcRhcAjF2e-0kU'}]
+493070209072,[]
+493031167237,[{'place_id': 'ChIJcegmlUdFqEcRa9uMZJPbyGw'}]
+4930212343100,[{'place_id': 'ChIJZ75WXoRFqEcRejOQT3eJQ-k'}]
+49307061718,[{'place_id': 'ChIJcXgrk0dFqEcRo-Dkd6_0J8M'}]
+49308551026,[{'place_id': 'ChIJrar6lXVQqEcRAyr3R7W4xmQ'}]
+4930629341790,[]
+493074004554,"[{'place_id': 'ChIJgx0XlkJbqEcR_gEkFTIXyig'}, {'place_id': 'ChIJLalH8J1aqEcR4C-2qd9PNMw'}]"
+4985750700,[]
+491601189696,[]
+493047012467,[{'place_id': 'ChIJawzUcnpQqEcRbdZiMJQg-_A'}]
+493085103323,[{'place_id': 'ChIJ0WuwYXpQqEcRs-n98YpyZo8'}]
+49308593917,[{'place_id': 'ChIJOfVk7J5RqEcRVfKUD-GQ9fU'}]
+4930200039570,[{'place_id': 'ChIJq27yWnhQqEcRKAXQQmVzQHc'}]
+491736243171,"[{'place_id': 'ChIJi-lQ-pxbqEcRdM4f96jaAm4'}, {'place_id': 'ChIJvcMyav5RqEcRmxxvxXrzaHQ'}]"
+4917670781022,[{'place_id': 'ChIJGX2jLHxQqEcRIEDOdGeiOds'}]
+49308522660,[{'place_id': 'ChIJF2WCS3hQqEcROjQnzMqf44w'}]
+4915203332345,[]
+49307927730,[{'place_id': 'ChIJc5Ux9oJaqEcRQOoyA99Vgpg'}]
+49307923738,[{'place_id': 'ChIJqfNdG81bqEcRBcumV-s09J0'}]
+49307915258,[{'place_id': 'ChIJSf9di4NaqEcR26KVuKodfiA'}]
+493081827983,[{'place_id': 'ChIJQT1cQoRaqEcRgf0DyDQdIVA'}]
+491792164101,[]
+493079747911,"[{'place_id': 'ChIJVWLB7IFaqEcR15U_-GLC4Tw'}, {'place_id': 'ChIJVWLB7IFaqEcRn748ynqqoKY'}]"
+493077201010,[{'place_id': 'ChIJS7GHpbdbqEcR6rlwDlR8Jfg'}]
+493023886711,[{'place_id': 'ChIJAQCQu4JaqEcRcHAOQGr2Em0'}]
+49307923501,[{'place_id': 'ChIJQ4aSZIJaqEcRbfPLsNf9lZs'}]
+49307922845,[{'place_id': 'ChIJfbrN84JaqEcR9Cy_BH_Kr_0'}]
+493076722834,[{'place_id': 'ChIJBdqNzO5bqEcRgO9PFAIjlO0'}]
+493079743409,[{'place_id': 'ChIJgyyNKIZaqEcR4d2gp7112r4'}]
+493081030466,[{'place_id': 'ChIJezHbN_paqEcRXin49HCde4I'}]
+493084591340,[{'place_id': 'ChIJ8wgZYlxaqEcRoFO__oR8UD0'}]
+491712154512,[]
+493049967855,"[{'place_id': 'ChIJu5mB-yFRqEcRS3_mYJ1oISs'}, {'place_id': 'ChIJtT712ftaqEcRDjIs2Pb3XsQ'}]"
+493063227444,[{'place_id': 'ChIJezLqtP9bqEcRhnRkuhPBTWg'}]
+491728911546,[]
+49308312788,"[{'place_id': 'ChIJ5-bDK0NaqEcRSfieLdjjV8o'}, {'place_id': 'ChIJjzq_PUNaqEcRCCMF26zgwA0'}]"
+493081852332,[{'place_id': 'ChIJVUr9wBtbqEcRy_AwhFIm4ag'}]
+49308335653,[{'place_id': 'ChIJFQEEjvBaqEcRBQATmwCJe68'}]
+493077006703,[{'place_id': 'ChIJ91MH_-ZaqEcRWIPuGp23h_M'}]
+49307124034,[{'place_id': 'ChIJqebhsQVbqEcRB93Un59kNag'}]
+493089000057,[{'place_id': 'ChIJIUy5n-9bqEcRH0Uhs7n6ZYk'}]
+493076884460,"[{'place_id': 'ChIJPzCI1OBaqEcR5pUK8hdMBtw'}, {'place_id': 'ChIJSevTUnI7ZUERC_y7HZMw9Rw'}]"
+493072012866,[{'place_id': 'ChIJp9vznqE7ZUERaOh_dRGprjk'}]
+491627391167,[{'place_id': 'ChIJzWnGaWlbqEcRExa-DfsGjX4'}]
+493048629060,[{'place_id': 'ChIJxUU1krdaqEcRQ6jBO34CcXQ'}]
+49307749332,[{'place_id': 'ChIJ27118rdaqEcRgrtz751_R_Y'}]
+491723113333,[]
+493072010290,"[{'place_id': 'ChIJESdx-v9PqEcRnp4ltpmb3vA'}, {'place_id': 'ChIJzckTIy9FqEcREZHYLSbqOnM'}, {'place_id': 'ChIJg31-Iy9FqEcRqW2lLgEDDks'}]"
+49307111082,[{'place_id': 'ChIJGxglWSlbqEcR3tGx8Yf6CRA'}]
+4917629910288,[{'place_id': 'ChIJJQ7JUvxEqEcRGgujPYhVrHs'}]
+493074309820,[{'place_id': 'ChIJeQ_Vcv1EqEcR5XdI6P-fjQI'}]
+493023907266,[{'place_id': 'ChIJNwN-KIpEqEcRHiCzyeZB-lA'}]
+4915166750590,[]
+493081476040,[{'place_id': 'ChIJ8UeE1U9FqEcRzzDeyFCRmzQ'}]
+493055462343,[{'place_id': 'ChIJVbcGLGFEqEcRplfYP344Agg'}]
+4915756494184,[]
+49306046898,[{'place_id': 'ChIJicsKGLxFqEcR-RieNBAGasA'}]
+493066707780,[{'place_id': 'ChIJ-VxQFrxFqEcRyu8FoCrt388'}]
+4917672622723,[]
+49306611024,[{'place_id': 'ChIJidF3W-BFqEcRl_fiHGRS6Uw'}]
+4917699811239,[]
+493053603575,[{'place_id': 'ChIJnX-qca5PqEcR9ZANDr0xGxU'}]
+4917673599887,[]
+493053219110,[{'place_id': 'ChIJWxXtrwBPqEcRAyF2rDPFW3E'}]
+491759010099,[{'place_id': 'ChIJHUoLjKxPqEcRWQ51JfideEc'}]
+493053695500,"[{'place_id': 'ChIJZzCq8QBPqEcRUxcNplvRxks'}, {'place_id': 'ChIJIwgg_gBPqEcRXRZ3_2kKtJc'}]"
+491782065280,[]
+493023575667,[{'place_id': 'ChIJaxDB6KlPqEcREDZx7F5Y7OA'}]
+491745143218,[]
+4915143217418,"[{'place_id': 'ChIJp019BUtOqEcRReC-I1CHuwI'}, {'place_id': 'ChIJ4au59hpPqEcRY3vrG8QA98A'}]"
+4917666567443,[]
+493021233680,[{'place_id': 'ChIJQeRqlrFIqEcR1NSljXINEFE'}]
+491601162848,[]
+493053010773,[{'place_id': 'ChIJAY63M4xIqEcRq1GVQt4zzGM'}]
+493052138265,[]
+493054893752,[{'place_id': 'ChIJx5b7T75IqEcRCPSgO3fLb24'}]
+4930755419755,"[{'place_id': 'ChIJD_zOEx5GqEcRX7TqRBDC_XU'}, {'place_id': 'ChIJz2rE0h9GqEcRvF9b6cELU-8'}]"
+493067809893,[{'place_id': 'ChIJvcPuWClGqEcR1NXj5n3RvxY'}]
+491723845138,[]
+493025327967,[{'place_id': 'ChIJMTS-G6pHqEcRavK6YkqjXaU'}]
+493076101580,[{'place_id': 'ChIJx18rIA5HqEcRaUtp_44Pb_Q'}]
+493032597872,[{'place_id': 'ChIJEeZMZStGqEcRHzXDUZBYUf8'}]
+493070033593,[{'place_id': 'ChIJn9Mh9i9GqEcR-0_KqKW8ZiM'}]
+493037462180,[{'place_id': 'ChIJJ6Xu3S5GqEcRTLrm4rGkXs4'}]
+493053605725,"[{'place_id': 'ChIJa6-Mx5VHqEcRAC8Ijm6Roj0'}, {'place_id': 'ChIJ92PqOsbgqEcR7FDXbF0MtLg'}, {'place_id': 'ChIJmV-Sx5VHqEcRv5NweCIgpNk'}, {'place_id': 'ChIJ82ZE3jdPqEcRLzb_WNiSc_8'}, {'place_id': 'ChIJ312Sx5VHqEcRQ-7PD9NmeQQ'}, {'place_id': 'ChIJ312Sx5VHqEcR9lNGkCJtY5k'}]"
+49306736004,[{'place_id': 'ChIJP4qvqzVGqEcRVIYKFyafJG4'}]
+49306763464,[{'place_id': 'ChIJtfRchahHqEcRMpQOdXdfqkk'}]
+493063313477,"[{'place_id': 'ChIJvTAbTJdHqEcRGqoJw-mby5k'}, {'place_id': 'ChIJVbsKg_NHqEcRwNAwkoaiYUQ'}]"
+491785531709,[]
+493064094884,[{'place_id': 'ChIJ7RWyBXFIqEcRGxB1q9ErIpw'}]
+491638220897,[{'place_id': 'ChIJYRmfA25IqEcR6Ah92nEs_N0'}]
+49306513415,"[{'place_id': 'ChIJZft0Gt5RqEcRjQ3jas-fMfY'}, {'place_id': 'ChIJtUwRdfVRqEcR8q1nFXxN-Hc'}]"
+4915732428585,[]
+491796738541,"[{'place_id': 'ChIJeSkpjyw4qEcR5ZUHP-LkszU'}, {'place_id': 'ChIJL3Q9jLQ5qEcRbTB-4dxwNrI'}]"
+4915786890341,[]
+4915118479632,[]
+491608544002,[]
+491759165666,[]
+49306453970,[{'place_id': 'ChIJ7UVAtx1IqEcRebVQrRbNrG8'}]
+493065489987,[{'place_id': 'ChIJN2Kx-G03qEcREXl2KZRpMj0'}]
+4915237862739,[{'place_id': 'ChIJa7WleXlJqEcRcd-F4oz7UBQ'}]
+491637796601,[]
+49305627003,[{'place_id': 'ChIJAergcnhJqEcRST9W0VduzeY'}]
+493056701170,[{'place_id': 'ChIJDREFK-xJqEcRtuhTL6KbnQA'}]
+491723836584,[]
+493056587476,[{'place_id': 'ChIJaaxbeg5JqEcRYLlhm4ga3c4'}]
+49305675283,[{'place_id': 'ChIJWeN2dsBJqEcR7vnUvQw8Kd8'}]
+493064161360,[{'place_id': 'ChIJ6ydhTuxJqEcRSMQwcNq1oTI'}]
+493097891335,[{'place_id': 'ChIJgcFYBfZLqEcRUdBlAcb7s7A'}]
+493054398171,[{'place_id': 'ChIJkzkR4KpOqEcR2vmY_753Zi4'}]
+49305455423,[{'place_id': 'ChIJs8blKwBMqEcRNv9qMiY0oLQ'}]
+493054718560,[{'place_id': 'ChIJmWh_m2xJqEcRa5-RS5D0nb4'}]
+49305144760,[]
+4930522808970,[{'place_id': 'ChIJobGairRJqEcRjhp_n82GTe4'}]
+493093497890,[{'place_id': 'ChIJ0T4rZJBLqEcRMMuJTnCS-g8'}]
+4917672660169,[{'place_id': 'ChIJJzgtJh5LqEcR0wMwe9K6tpA'}]
+49309293068,[{'place_id': 'ChIJIy82flFMqEcR2zWyfSCqzWE'}]
+491624875797,"[{'place_id': 'ChIJp6hL65RNqEcRs3qPcScLAHI'}, {'place_id': 'ChIJf-1-JHdNqEcR3dwHnk9rkr8'}]"
+49309824235,[{'place_id': 'ChIJTRUm0BNMqEcRuWND9fwmJSw'}]
+4917624338830,[]
+4917661330758,[]
+49304286228,[{'place_id': 'ChIJJxY5QA9OqEcRf2qCbQpR2v4'}]
+493096063773,[{'place_id': 'ChIJb5rnXcNNqEcRRShyo2qKO6E'}]
+4915750975891,[]
+49309252261,[{'place_id': 'ChIJ-y1Sq8VNqEcR3ZCPeGhzx54'}]
+493081476025,[]
+491723202369,[]
+491635082688,[]
+493047486029,[{'place_id': 'ChIJhV6QxL9SqEcRNJm9rlmVeKc'}]
+493070711000,[{'place_id': 'ChIJhUN_b3hRqEcR0IdRG-Gf9dg'}]
+4917683290144,[{'place_id': 'ChIJm6npdWdSqEcR8by99zUavow'}]
+4915233587900,[{'place_id': 'ChIJU3kG2l1SqEcRvvGgxZJTSfM'}]
+49309166114,[{'place_id': 'ChIJ04qUHVZSqEcRtR0l2NxhrUw'}]
+493088668488,[{'place_id': 'ChIJmzyTT0JSqEcRxQ_OAeRK-Ek'}]
+493022013792,[{'place_id': 'ChIJd0zLuONNqEcR_cpOfmo09YM'}]
+491723930063,[{'place_id': 'ChIJjelhCthSqEcRLcw0ZsusVj0'}]
+4930400409562,[]
+493065839337,[{'place_id': 'ChIJFc6RQmpSqEcR3Jh2BcygV0c'}]
+4915124228680,[{'place_id': 'ChIJHwGOfm9TqEcRnelD61X8XM8'}]
+493040106840,[{'place_id': 'ChIJxVVL6PdNqEcRI7g8XiPtjh0'}]
+49304617045,[]
+493045082663,[{'place_id': 'ChIJkcRr59RTqEcRtGrBkHJ-izU'}]
+491636938858,[{'place_id': 'ChIJd2c_QSpSqEcR23sRR8RQkZs'}]
+493064491107,[{'place_id': 'ChIJ5x0_04dRqEcRjQqK2x9cWnw'}]
+49304521070,[{'place_id': 'ChIJ5zZQ3d1TqEcRavR4gCEgqD8'}]
+493085012045,[{'place_id': 'ChIJtdwgHYJRqEcRvCj_XQRLUXo'}]
+4916096605697,[{'place_id': 'ChIJr6ODKFxRqEcRi5vaDcN5uIM'}]
+491726036843,"[{'place_id': 'ChIJWY0qz2hZqEcRQbGOA0CvCHQ'}, {'place_id': 'ChIJL9ejzPlZqEcRIVOD4BVNv9k'}]"
+49304639609,[{'place_id': 'ChIJE_mRTPZRqEcR34csb4aCUss'}]
+491607661461,[]
+491788182809,[]
+493046063979,"[{'place_id': 'ChIJuZci8iFSqEcR_b8J8AaEmsc'}, {'place_id': 'ChIJPyo2-yFSqEcRUhlgXg3pQxA'}]"
+493055624099,[{'place_id': 'ChIJWWu2WVtTqEcRmZpEZ_lUHqQ'}]
+491795310073,[{'place_id': 'ChIJVVXZxxdSqEcRf0Bd7Vbo4ls'}]
+493070227004,"[{'place_id': 'ChIJgQxLfDtSqEcRYM7lP_kG654'}, {'place_id': 'ChIJKe2ifjtSqEcRz0V51FiEkUU'}]"
+4917640799200,[]
+49304134103,[{'place_id': 'ChIJu0NClPVTqEcR4LHbTQF9DAs'}]
+491705257246,[]
+493049879778,[]
+49304913028,"[{'place_id': 'ChIJE3bITDJSqEcRhixWXpl89nY'}, {'place_id': 'ChIJlbLhsjNSqEcRaqRRkSMXN3E'}]"
+49304915072,[{'place_id': 'ChIJYf1zV8tTqEcRNpJn6cKTCwc'}]
+493043737643,[{'place_id': 'ChIJmWaIYS1SqEcRWTRkmcAvMJY'}]
+493091528835,[{'place_id': 'ChIJ_WBiNz9TqEcRjh5rNexmpIk'}]
+49304166148,[{'place_id': 'ChIJHbB_QXRTqEcRqV7wEJrSEGQ'}]
+493041706572,[{'place_id': 'ChIJn4aMRHhTqEcRfOH7TpNBA60'}]
+49304145471,[{'place_id': 'ChIJlVc0wn5UqEcR_u89wPOstnI'}]
+49304154041,[{'place_id': 'ChIJYRFJb3VTqEcRBuxlzHvZuyA'}]
+493041720959,[{'place_id': 'ChIJ5T1IahEgZUERxcQ-kI68SmQ'}]
+491751108811,[{'place_id': 'ChIJ7w3MumlUqEcRH-fgydhIx1M'}]
+49304019035,[{'place_id': 'ChIJNUDUFSurqUcRTEg41TJgjDI'}]
+49304011017,[{'place_id': 'ChIJrz7MbNBUqEcRpNdFDLTYrkg'}]
+49304011746,[{'place_id': 'ChIJ2YqdNtiqqUcRqvIBSeihUFA'}]
+49304048017,[{'place_id': 'ChIJC71rg5VUqEcRW8eeCMhDGXk'}]
+4917645955689,[]
+493062202219,[{'place_id': 'ChIJnfyqfpVUqEcRRu0ILnKgSD8'}]
+493089407904,[{'place_id': 'ChIJpzdYJENUqEcRpMv2rKeNads'}]
+493043746470,"[{'place_id': 'ChIJXevE4kNUqEcRL-iTOyd9_Uc'}, {'place_id': 'ChIJWclS40NUqEcRXqsFNwblgfY'}]"
+49304335033,[{'place_id': 'ChIJX1Q3b0NUqEcRaXTC7FdgojE'}]
+493040727900,[{'place_id': 'ChIJEYi5HGJUqEcRZe5BNZM0HIc'}]
+4915143544451,[{'place_id': 'ChIJo4CRmHFUqEcRzEfKa4knkBg'}]
+493023944217,[{'place_id': 'ChIJy7B-NEhWqEcRXawaU_aWTi0'}]
+493036436471,"[{'place_id': 'ChIJqeJIpYL4qEcRyWxRkUzSk4Y'}, {'place_id': 'ChIJqeJIpYL4qEcRZzu8NKA2TY8'}, {'place_id': 'ChIJqeJIpYL4qEcR7eaVbTSg7xs'}]"
+4915234594877,[]
+493023900386,[]
+49303753843,"[{'place_id': 'ChIJX7D4zhVWqEcRdsZhHcYzrhw'}, {'place_id': 'ChIJ03QbzhVWqEcRvkh4cn-rj-g'}]"
+49303539070,[{'place_id': 'ChIJLeHqc0FWqEcRpbsmTg4T_cI'}]
+49303356058,[{'place_id': 'ChIJH_fMIOBVqEcRJSEznmV6IJ8'}]
+491631000417,[]
+493062201271,[]
+493074730909,[{'place_id': 'ChIJ45UqYRlWqEcR_JLLUuKhN_E'}]
+493053164443,[{'place_id': 'ChIJuXDqMpz4qEcRDibTHIcllVI'}]
+49303663706,[{'place_id': 'ChIJdaUDjJH4qEcRygpmCwfmgGs'}]
+4915734359364,[]
+493633491,[]
+49303614935,[{'place_id': 'ChIJ2957vMRXqEcRp2ZFx6ag4bg'}]
+491792227820,[]
+4917669502735,[]
+493036753877,[{'place_id': 'ChIJmbrIyEZWqEcRrjGzTR9Ucmg'}]
+493030009634,[{'place_id': 'ChIJidiIc-VWqEcRgYS18_2JBoE'}]
+493041769345,[{'place_id': 'ChIJPQpYq0ZWqEcRvGCY1h5aFE0'}]
+49303331000,[{'place_id': 'ChIJv2B54kZWqEcR8U2GtSpZvSE'}]
+493034623060,[{'place_id': 'ChIJbxGH_XchZUERTZ73JGyLZSg'}]
+493084526667,[{'place_id': 'ChIJT2odOf9XqEcRAgXt0NOTCdg'}]
+493028433870,[{'place_id': 'ChIJE4qt_1pXqEcR_0uFu39JAoY'}]
+491749593599,[{'place_id': 'ChIJXf1tf-xRqEcRN5MsWkHJ3g4'}]
+4915774594558,[{'place_id': 'ChIJGTjXYkJRqEcR8w7JbjYax5Y'}]
+49303446007,[{'place_id': 'ChIJJ7RcultRqEcRZzlFaR5btDY'}]
+491636926605,[]
+493030102030,[{'place_id': 'ChIJIQLxqSlXqEcR4VIvx2Ky9qo'}]
+49302621020,[{'place_id': 'ChIJmXldSv5QqEcRWgeqefVwkmk'}]
+49303047741,[{'place_id': 'ChIJBXjuBSlXqEcRCGEkyIgNY2Y'}]
+493086458501,[{'place_id': 'ChIJMeLkGdpXqEcR2jDpGlmh394'}]
+49303017091,[{'place_id': 'ChIJmRaE9StXqEcRJvFYj2DpxDo'}]
+493030108934,[{'place_id': 'ChIJ8QXBqf1XqEcRQ-tYLsIwaEc'}]
+491632982051,[]
+493030099466,[{'place_id': 'ChIJ9a1oCEBXqEcRpfcBs5P5J_Q'}]
+491714526707,[]
+491782365805,[{'place_id': 'ChIJWzlyvtlQqEcRja7DLi896qc'}]
+49306152810,[{'place_id': 'ChIJ2U1SwtlQqEcRxSAPNbmVI_8'}]
+491777829466,[]
+491637971946,[]
+4936702299,[]
+49302141484,[]
+491749003514,[]
+4915774421989,[]
+493034703626,[{'place_id': 'ChIJHxwghSVRqEcRgdEQSM9JoiE'}]
+493025740910,"[{'place_id': 'ChIJycvtsxBRqEcRtXr9lkMXeLE'}, {'place_id': 'ChIJ4QUuohFRqEcRdMwr4iDq4Rs'}, {'place_id': 'ChIJlWw-3hr1qEcRqLKwtEDZVoc'}]"
+493048624869,[{'place_id': 'ChIJM0SVWPlZqEcRwuSUR3V7oPY'}]
+49308048484,[]
+49308053125,"[{'place_id': 'ChIJhbXao8JYqEcRCKdRTPiZUJg'}, {'place_id': 'ChIJDW9fVIxQqEcRqtKTPrGRFDw'}]"
+49308055055,[{'place_id': 'ChIJNeEdCsFYqEcRhWE37xFKw_Y'}]
+491739756800,[]
+4917623203703,[]
+49308021100,[{'place_id': 'ChIJh_Gt5J5ZqEcR9gW_1s3LuVQ'}]
+491715492551,[]
+4916094965990,[]
+493062201517,[{'place_id': 'ChIJidKZOZ9ZqEcRTyVi57NyG2g'}]
+493080588207,[{'place_id': 'ChIJsfRXRnVZqEcR-0OXBFokU5E'}]
+493080403062,[{'place_id': 'ChIJb4UJPQpZqEcRj2gQiVRC0w0'}]
+493084722979,[{'place_id': 'ChIJM7U_mitaqEcRTovqfZ8673M'}]
+493088669150,[{'place_id': 'ChIJAfotSjNaqEcRvbD_deyPaUw'}]
+4917655571942,[{'place_id': 'ChIJX8mhyntZqEcRKTFoMAIlXgQ'}]
+4917610434348,[]
+493080903916,[{'place_id': 'ChIJLUlfGDNaqEcRAfxsdYJXw-k'}]
+491631382133,[]
+493081814119,[{'place_id': 'ChIJgW0IEPxbqEcRpFkpc9Sh7Go'}]
+493089540715,[{'place_id': 'ChIJ0_SukblQqEcRKkJOjlMraUY'}]
+493082718007,[{'place_id': 'ChIJhZQwgW1RqEcR5LTaVtbJzAo'}]
+493089688680,[{'place_id': 'ChIJ7xaKwbZQqEcRARYrXYsgVbA'}]
+4917643644548,[]
+493053157176,[{'place_id': 'ChIJCal7aqZQqEcRS-dBiQO5RpY'}]
+493066630019,[]
+49308327000,[{'place_id': 'ChIJ4YvLwaokZUER46o5UTx0AY8'}]
+493081055769,[{'place_id': 'ChIJn5hgsIZQqEcRWl0AZQV5MoA'}]
+493082705275,[{'place_id': 'ChIJR0Vaeo9QqEcRbUSmKilIDBQ'}]
+493081056923,[{'place_id': 'ChIJZWnxJ71RqEcRVRxUBWBZINU'}]
+4915738816632,[{'place_id': 'ChIJ7bwFxUtXqEcRrssL6J-Yg7c'}]
