Brasserie la bonne franquette,[{'place_id': 'ChIJow5SxuxRqEcRpk680jewg50'}]
sagrantino 136,[{'place_id': 'ChIJU6pM1j5RqEcRblPfq5OJZp4'}]
CAFE RIBO,[{'place_id': 'ChIJm3_SgO9RqEcRPsCFGSCiw4U'}]
Alpenstück,[{'place_id': 'ChIJR2gy_e5RqEcRRJE4cQBY_ug'}]
Risorante Bonfini,[{'place_id': 'ChIJhx78J9EjZUERI2jYna3X5pI'}]
Distrikt Coffee,[{'place_id': 'ChIJ--YdvO9RqEcRWbP6iaXaoew'}]
Restaurant einsunternull,[{'place_id': 'ChIJ_7T13OtRqEcRykkW1_-ATbc'}]
Cafe Hermann Eicke,[{'place_id': 'ChIJ0awbwfBRqEcR-ZGkXYpSkSo'}]
Chicago Williams Berlin-Mitte GmbH,[{'place_id': 'ChIJ4Wce2-tRqEcRcPKUr56ZrA8'}]
eins essenundtrinken,[{'place_id': 'ChIJ35Aup-5RqEcRmTP_hn5md_8'}]
Nhat Long Restaurant,[{'place_id': 'ChIJt7KO1-hRqEcRLT4aTcLRDvs'}]
Royals&Rice Berlin,[{'place_id': 'ChIJ6c3F8-VRqEcRiicxeI5EOTI'}]
beets&roots,[{'place_id': 'ChIJ710vj-ZRqEcRN7hykiDjS5A'}]
rebenkind,[{'place_id': 'ChIJ3eIXp-BRqEcRJBreG-BVHkU'}]
essen--fassen,[{'place_id': 'ChIJzRKcAfFRqEcRXwtjGvqEteo'}]
Restaurant Esszimmer,[{'place_id': 'ChIJ56t3-ZBRqEcRMfNqcJgpjfA'}]
Café Bar Central,[{'place_id': 'ChIJB1sU0fBRqEcRAw7ElwDRa6M'}]
Subway Catering,[{'place_id': 'ChIJTyKe6-xRqEcR1uRBjE4mpdM'}]
Swipeby.de,[{'place_id': 'ChIJbUzdlI1RqEcRCRhoCv3gZOA'}]
Bötzow Privat,[{'place_id': 'ChIJaQ96yOhRqEcRMuG_0X8RyII'}]
Röststätte Berlin,[{'place_id': 'ChIJLc-Nv-VRqEcRPoL5jV8hMaI'}]
Bowls & Booze,[{'place_id': 'ChIJgSEQ7uVRqEcR8yp6N97R6F8'}]
Hito Falafel,[{'place_id': 'ChIJJdCKFdBRqEcRO5Uz93cVPWM'}]
Essen statt Kochen Lieferservice,[{'place_id': 'ChIJgx1C4hpPqEcRr-bIXXakW-4'}]
CORDO,[{'place_id': 'ChIJLbGX7uZRqEcRWEE5iayCkRM'}]
Izumo Restaurant-Sushi Bar,[{'place_id': 'ChIJQwHEa9BRqEcRp_3YUzY8dos'}]
BEB SO CATERING,[{'place_id': 'ChIJsTWFac9RqEcRCV_ashXj0Og'}]
JOSEPH Restaurant,[{'place_id': 'ChIJCXXOrnZRqEcRw4ZinZMwbXc'}]
Quchnia,[{'place_id': 'ChIJC1K7FtpRqEcRKaihutliQas'}]
Restaurant ALvis,[{'place_id': 'ChIJ57kGIcJRqEcRUdFUCT_QMVA'}]
Peking Ente Berlin,[{'place_id': 'ChIJI_4-oM9RqEcRgazfdDzpfkA'}]
STADTSALAT GmbH,[{'place_id': 'ChIJZbwjDjZRqEcRDS4H2E_-KtI'}]
Restaurant theNOname,[{'place_id': 'ChIJdZ9vis9RqEcRAK00j_2tTXA'}]
Restaurant acht&dreissig,[{'place_id': 'ChIJb8Yo1OdRqEcR1tNPIs-ssTE'}]
Cadadia Suppenbar & Catering,[{'place_id': 'ChIJx18rIA5HqEcRaUtp_44Pb_Q'}]
SOUPKULTUR,[{'place_id': 'ChIJ20u7sv5QqEcRuQJ_BO9mx4Q'}]
Chupenga Burritos & Salads,[{'place_id': 'ChIJWXZnG9pRqEcRutGb2PX0qOI'}]
Ristorante Pizzeria Roma,[{'place_id': 'ChIJy7lLl-lRqEcRJ6T5N2nJr1w'}]
Subway Friedrichstraße,[{'place_id': 'ChIJp8FzcOlRqEcRqpFCa1TtPy0'}]
"Treffpunkt Berlin ""Alt-Berliner Kneipe""",[{'place_id': 'ChIJYS1LpsRRqEcRKV_Xls2gKPs'}]
Berlin Capital Club,[{'place_id': 'ChIJKa-6XscjZUERe5ZL21HuYrI'}]
Anand - Indisches Restaurant,[{'place_id': 'ChIJ8-IJM8JRqEcR27eHKz0LIC0'}]
ERDINGER am Gendarmenmarkt,[{'place_id': 'ChIJxTDlQPZRqEcRQOp93bRRO4E'}]
Cookies Cream / Crackers,[{'place_id': 'ChIJV4_rtsRRqEcRIKoaNDZ0VnQ'}]
McDonald's Friedrichstraße,[{'place_id': 'ChIJX_4obfZRqEcRdApQQgB10mo'}]
BLOCK HOUSE Friedrichstraße,[{'place_id': 'ChIJDaVpwcVRqEcR1V-TJQ4yYbA'}]
Marienkäfer(ehem. Muckrakers),[{'place_id': 'ChIJF8cBIMJRqEcRH9JOT3BslNU'}]
Ristorante Vino e Basilico,[{'place_id': 'ChIJRexZgOhRqEcRm_-_whvBkcs'}]
Machiavelli Mitte,[{'place_id': 'ChIJK2FOMcJRqEcRy5vIDvdzP2Q'}]
Restaurant Nanoosh,[{'place_id': 'ChIJBx9rftpRqEcRupd9FMZJ5gA'}]
espresso-ambulanz,[{'place_id': 'ChIJtxFydelRqEcRMRpzCF-gqPw'}]
Restaurant Rosmarin,[{'place_id': 'ChIJad0NZ-hRqEcRcyUtuS1WVcM'}]
CHOI,[{'place_id': 'ChIJHa_Ak8FRqEcR2V5tDfoBFPU'}]
Café Gorki Park,[{'place_id': 'ChIJo_0q7ORRqEcRbowoQuoAblc'}]
Sade Berlin,[{'place_id': 'ChIJU9hTEKFRqEcR0PKeEH2Xn6U'}]
Ryong,[{'place_id': 'ChIJ69_cOQRRqEcR4evzZa3LpKU'}]
THE BARN BERLIN,[{'place_id': 'ChIJlacAYh1OqEcRwgXI4wAzd24'}]
Muret la barba,[{'place_id': 'ChIJ2TcU5eNRqEcRQ7R-rfEdfQo'}]
Tor Kebap,[{'place_id': 'ChIJqSDTVuRRqEcRGzLldFBqNos'}]
KWA - Kebap with attitude,[{'place_id': 'ChIJAQCzWqVRqEcRIKoo5i1qGX0'}]
PAPPA E CICCIA,[{'place_id': 'ChIJ--g8-PxRqEcRxV2mfEdI9hs'}]
Aapka Berlin,[{'place_id': 'ChIJDygZZPtRqEcRMfa3mz6wHuA'}]
FECHTNER,[{'place_id': 'ChIJLbuNe-RRqEcRbhIcwpzmxMw'}]
Restaurant Fleischerei,[{'place_id': 'ChIJ0dM_p-JRqEcRLf5rbdVPZAA'}]
Zur Rose,[{'place_id': 'ChIJ_QuW8uRRqEcRXmk82ZfXtPo'}]
Jabe Dine&Bar,[{'place_id': 'ChIJ91MrIjlRqEcRoHueUIP5Cy0'}]
Heidi‘s Café,[{'place_id': 'ChIJdfrkpSBOqEcRQHHPh59HE0o'}]
Esra Falafel,[{'place_id': 'ChIJs0sH0h9OqEcRZazrLO_Me34'}]
Rotisserie Weingrün,[{'place_id': 'ChIJNacWhidOqEcRstfdBVU4E7Y'}]
KugelEi Café,[{'place_id': 'ChIJA0TBxyBOqEcRBdcwJtjG7JI'}]
Tuans Hütte Thai & Sushi Restaurant,[{'place_id': 'ChIJ1zUeNOBRqEcR3KFIDPHd630'}]
"Restauration ""Sophien 11""",[{'place_id': 'ChIJEY8-PeFRqEcRB42FvWxpvVA'}]
Dolores Mitte,[{'place_id': 'ChIJ9doHMh5OqEcRpBuTy_JIHzY'}]
dean&david Monbijouplatz,[{'place_id': 'ChIJM9lUPudRqEcR_39uL7qeDqU'}]
Vadoli Pizza Berlin Mitte,[{'place_id': 'ChIJVzaiejpRqEcR3dH5Vap8y9E'}]
Data Kitchen,[{'place_id': 'ChIJJboJIOFRqEcR5-AeqiWqZSY'}]
Berliner Marcus-Bräu,[{'place_id': 'ChIJiagwMB5OqEcR__dU6KknxA4'}]
L'Osteria Mitte,[{'place_id': 'ChIJTc1KSh5OqEcRdYUVZlCTfGw'}]
Alt Berliner Gasthaus Julchen Hoppe,[{'place_id': 'ChIJm_HLX99RqEcRiydKq4B0-a4'}]
OLLA Orient,[{'place_id': 'ChIJSTChU-dRqEcRW8rU0O05yvk'}]
Restaurant Spreeblick,[{'place_id': 'ChIJobfQtiBOqEcRm9sZgIG5vd0'}]
Restaurant Ännchen von Tharau,[{'place_id': 'ChIJfS0kcCNOqEcRO1W_7PLO48E'}]
Zur letzten Instanz,[{'place_id': 'ChIJ1WEbzyNOqEcRKqrOGWDKPMs'}]
Spreemittag,[]
SushiForYou,[{'place_id': 'ChIJmzyTT0JSqEcRxQ_OAeRK-Ek'}]
Mamman,[{'place_id': 'EipJbnNlbHN0cmHDn2UgOSwgMDQxMDMgTGVpcHppZywgRGV1dHNjaGxhbmQiGhIYChQKEgkVC-mQPvimRxFQeDiMvDwVzRAJ'}]
The Student Hotel Berlin,[{'place_id': 'ChIJN2olUpxPqEcRLu7MrDue96A'}]
YADA YADA breakfast club,[{'place_id': 'ChIJd1daqSVOqEcRyetEfXh3V74'}]
Michelberger Restaurant & Markt,[{'place_id': 'ChIJGcZbblBOqEcR5cTGTkNfGlw'}]
Tony Roma’s am Mercedes Platz,[{'place_id': 'ChIJ17EosS1PqEcRG7Rit-l2brI'}]
Rice Rolls Berlin,[{'place_id': 'ChIJaeRNwk1PqEcR2_rp-a7TVAw'}]
Restaurant Volkskammer,[{'place_id': 'ChIJqbpNxEZOqEcRViO_0U4FCEc'}]
McDonald's Ostbahnhof,[{'place_id': 'ChIJGVFYHEdOqEcRuDtQc6X8cCw'}]
Fleischerei Neuling,[{'place_id': 'ChIJ7RI7dEJOqEcRpkX4ETY_pTY'}]
LION BURGER,[{'place_id': 'ChIJ38sGoF1OqEcR0Ow2JvpOo2E'}]
Amber,[{'place_id': 'ChIJlZF4oV5OqEcR06oY-ohfTJA'}]
Protokoll Taproom,[{'place_id': 'ChIJbeTl111OqEcR8-I-Dg6S6Nw'}]
BBB Restaurant,[{'place_id': 'ChIJGS37NfdOqEcRY9BlDEVzTgs'}]
Café Datscha Friedrichshain,[{'place_id': 'ChIJsXeZNFlOqEcRwpkdUdGm43g'}]
papaya am boxhagener,[{'place_id': 'ChIJOTQkx15OqEcR4xkt2tIj6Xc'}]
Café KLEiNES SONNTAG,[{'place_id': 'ChIJ4RI-BPdOqEcRv4SVU_GFofA'}]
Kärrecho,[{'place_id': 'ChIJDxAqOPFOqEcR7KqNK4K2uuA'}]
Kaffeebar Aprilkind,[{'place_id': 'ChIJRXYNVFlOqEcRCbo5LvS4s3w'}]
Lisboa Bar am Boxi,[{'place_id': 'ChIJGayp0F5OqEcRr83cz2j1cwM'}]
"Restaurant ""buergers. essen und trinken""",[{'place_id': 'ChIJD1RM5JRPqEcRP_v2wN_79Yc'}]
Neumanns Cafe,[{'place_id': 'ChIJ2c3KyF5OqEcRIYVxKgKuu-M'}]
Goura Pakora,[{'place_id': 'ChIJF-e_uV5OqEcRnIN4zvoBCIA'}]
Straßenbräu,[{'place_id': 'ChIJz51-1vBOqEcRc_xSIfUjoh4'}]
Thronburger,[{'place_id': 'ChIJ-8SzJ_FOqEcR8CDHoSizzGw'}]
VEG'D - Vegan Burgers,[{'place_id': 'ChIJR8oUWdVPqEcRPHdUV07QDak'}]
SubHero Berlin,[{'place_id': 'ChIJvRq-0FtOqEcRdPMufKKeQ-w'}]
Kiez Döner persisch,[{'place_id': 'ChIJPSIup1pPqEcR25-t0o742f4'}]
LÜCK'S,[{'place_id': 'ChIJKR5aVfZOqEcREFMNC1RyNas'}]
McDonald's Ostkreuz,[{'place_id': 'ChIJT8y0vfBOqEcRZ2A2Tn_ZnjM'}]
esswirtschaft fernsehwerft,[{'place_id': 'ChIJ6fsDQaZPqEcR3-HLPypeKhc'}]
Scheers Schnitzel,[{'place_id': 'ChIJ_-u_slFOqEcRc0jMpzKA48c'}]
Burgers Berlin,[{'place_id': 'ChIJgwSNNvdOqEcRbRgJFv8hHwI'}]
Santa Cantina GmbH,[{'place_id': 'ChIJteBFYVlOqEcRtsdga4wk5ek'}]
Kernvoll GmbH,[{'place_id': 'ChIJZ6hpXvVOqEcRNwgtDIFyric'}]
Eatalian,[{'place_id': 'ChIJZ8hhqF9OqEcRSyKqvVR7zl8'}]
Trattoria Da Dino,[{'place_id': 'ChIJo9YOY4pOqEcRagWIzFHfpKU'}]
CaféGarbe,[{'place_id': 'ChIJUYko1l9OqEcRY6ukJLXpxBA'}]
Eddielicious Mexican Food,[{'place_id': 'ChIJq6qah_ZOqEcRsQuVlgK_bMQ'}]
Sai Baba,[{'place_id': 'ChIJt9_aL2BOqEcRFvSKK1Dyy5I'}]
Friedrichs Wirtschaft,[{'place_id': 'ChIJ8Wkub15OqEcRTVsVWG2g4Q8'}]
Hefter Partyservice,[{'place_id': 'ChIJf0MjcslPqEcRpaYlV2ySJNM'}]
rembrandt-burger,[{'place_id': 'ChIJbzLtEGlOqEcRYfPnkq2qlbg'}]
DDR Speisegaststätte Pila ( Pionierlager ),[{'place_id': 'ChIJXbho8RBOqEcRFKhJDk8-3Yw'}]
Sofia Bar,[{'place_id': 'ChIJPyWhVRFOqEcRf8HBWmNl7Lk'}]
grünstern - Biologisches Catering aus Berlin,[{'place_id': 'ChIJhQ1iY7hOqEcRhNsFfC1OB3g'}]
Dong Da Restaurant,[{'place_id': 'ChIJkea35WhPqEcRubu_3e5FdCE'}]
Pizza Max,[{'place_id': 'ChIJD2R2AcFOqEcROOsNQ7KkZGQ'}]
Pizza Ragazzi,[{'place_id': 'ChIJJ-mkoXTcuEcRo6g6jlHj6OM'}]
Salsa Mexicana,[{'place_id': 'ChIJ_6fFVMBOqEcRZHqF4VL7iV8'}]
Restaurant Jelänger Jelieber,[{'place_id': 'ChIJW8VRIu9OqEcRdYGW7U14okc'}]
Quattro Fratelli Karlshorst,[{'place_id': 'ChIJh4dfnddIqEcR-yHNYknc4tE'}]
Fratelli Da Giovanni,[{'place_id': 'ChIJudYEnDJJqEcRNZyu8rxoQBg'}]
DEEP Indische Spezialitäten,[{'place_id': 'ChIJZ-5wGMNJqEcRYjtACxE7xYQ'}]
EPIRUS,[{'place_id': 'ChIJQ60PRJBOqEcRRcWC3MTdLnI'}]
Aastha,[{'place_id': 'ChIJu7wRuI1OqEcR2MnrEs40frE'}]
Meta Mate,[{'place_id': 'ChIJBUQ0Lh1OqEcROpHg79CDsc0'}]
Maseltopf,[{'place_id': 'ChIJedQX7QNOqEcRO900Oc6mT6Y'}]
UNSRE KNEIPE,[{'place_id': 'ChIJVVWhbwNOqEcRaZUd2XJT4a4'}]
PIZZAFABRIK.DE,[{'place_id': 'ChIJw33CxgdOqEcR_XKMoBhPMN0'}]
KAFFE,[{'place_id': 'ChIJG2Vx-AROqEcRKSqOUNzM2fY'}]
CUBANDRES catering,[{'place_id': 'ChIJ9xTpUwdOqEcRiuEMtzgNJaw'}]
The Hidden by Daniel's Eatery,[{'place_id': 'ChIJUfCtNAVOqEcRGKIuvRsWmRI'}]
Restaurant Herr Rossi,[{'place_id': 'ChIJDd9T-AROqEcRTD28K79hMN8'}]
Maothai Restaurant,[{'place_id': 'ChIJbWg1bwFOqEcRNbDIVGvgYDI'}]
Scotch&Sofa,[]
grossherz,[{'place_id': 'ChIJyzJ1LNlPqEcRy_KWpSrjz0E'}]
Restaurant Suriya Kanthi,[{'place_id': 'ChIJVxwwiANOqEcROvHO5CFCifY'}]
Gasthaus Alt Wien,[{'place_id': 'ChIJm7-IVw5OqEcRxFRycnVAoUE'}]
Restaurant Taleh Thai,[{'place_id': 'ChIJb-CtNw5OqEcRp3kuYtPtR-I'}]
BLUE LABEL,[{'place_id': 'ChIJK4_4LA5OqEcRGOw3RGbZtTw'}]
HUSSERIA,[{'place_id': 'ChIJb5hwHxBOqEcRkXNTv0ytAEg'}]
Jubel- feine Patisserie,[{'place_id': 'ChIJ1-e9CQ9OqEcRnz5wfurfouw'}]
Doll's Kitchen,[{'place_id': 'ChIJl5g9BQlOqEcRhTg_6syiEl8'}]
BURGER KING DEUTSCHLAND GMBH,[{'place_id': 'ChIJA-ihxZJWqEcReehIACgaApU'}]
Mami Camilla,[{'place_id': 'ChIJH9SSdg5OqEcRnNNxEppzTmo'}]
cantina,[{'place_id': 'ChIJfTjGr3ZOqEcRgIR3ooJBTQE'}]
Ambe,[{'place_id': 'ChIJsQtOnuNNqEcRH91fgChusVY'}]
Red Dragon,[{'place_id': 'ChIJi03_EABOqEcRNt4T6iTkOuE'}]
PAPA NO - Prenzlauer Berg,[{'place_id': 'ChIJRVwT7P9RqEcRsnaeQG_EdsI'}]
Der blaue Fuchs,[{'place_id': 'ChIJO9gSHQZPqEcRpzlBbrmTXy0'}]
Bonanza Coffee,[{'place_id': 'ChIJe-xsRDFOqEcR9oMD5MR9wCo'}]
Gloria Prenzlauer Berg,[{'place_id': 'ChIJZWhH5f9RqEcR-7MxOmONO1Y'}]
Le Flo Französische Feinkost,[{'place_id': 'ChIJUREzugFOqEcRPlKlYd1N7KQ'}]
Domu Nosta,[{'place_id': 'ChIJPThB-RlPqEcRRJoQ0kRd4bI'}]
Cenacolo,[{'place_id': 'ChIJu20u0QFOqEcR7FdAKIEi-qE'}]
Zum dritten Mann,[{'place_id': 'ChIJqTlWAgFOqEcRyB_Nn8P9cUA'}]
LuisaKocht,[{'place_id': 'ChIJhW-iiQBOqEcRRttYUC-23zg'}]
Delizie D'Italia,[{'place_id': 'ChIJn4Ot3QBOqEcRVP6CMFUVhT8'}]
Biogoods,[{'place_id': 'ChIJycWvFjFPqEcRgdqXOOxdfYQ'}]
Hako Ramen Prenzlauer Berg,[{'place_id': 'ChIJj4C73qdRqEcRUBPH6sXe-rY'}]
Cafe Dodo,[{'place_id': 'ChIJsY597CZNqEcRsy9GCutQDJk'}]
Wok Show,[{'place_id': 'ChIJ93lo1wdSqEcRDyq7_fE0-Zc'}]
Restaurant Meena Kumari,[{'place_id': 'ChIJB-CkjP9RqEcRITyvgp5re2E'}]
Cafe Meta,[{'place_id': 'ChIJFeqgHQNSqEcROmf9BQqthag'}]
Café Datscha Prenzlauer Berg,[{'place_id': 'ChIJ37g3F_9NqEcR_xu_n9ULo08'}]
HOLY FLAT!,[{'place_id': 'ChIJBdL_ng1RqEcR06jtU4KvYyQ'}]
BLACKBEARDS BBQ BERLIN,[{'place_id': 'ChIJMag-swBSqEcR1eUBrFfn-W0'}]
Trattoria Antichi Aromi,[{'place_id': 'ChIJb6BuMqdTqEcRgkLp424Llfo'}]
Vetzgerei,[{'place_id': 'ChIJ4d1PzP9NqEcRyqAqza4K6NY'}]
Restaurant Burgerie,[{'place_id': 'ChIJ07hx2gFSqEcR-H0iMVOy6BI'}]
Café Bar MOLOKO,[{'place_id': 'ChIJn-ji_r1NqEcRwcmnb6K9pXk'}]
Restaurant Schust,[{'place_id': 'ChIJ9Q0C_oRRqEcRDkNZH1OIj7E'}]
La Buvette Weinbar,[{'place_id': 'ChIJqa8_eQRSqEcRxUYVwl7g5GQ'}]
Der Fischladen,[{'place_id': 'ChIJ3_mhIl1RqEcRox4hM9CgT1Q'}]
Chay Long,[{'place_id': 'ChIJZSF-L_5NqEcRFuNC9g-Nt5E'}]
Restaurant Thüringer Stuben,[{'place_id': 'ChIJ3cBD4_5NqEcRSarsY9-reDo'}]
SPRO Scones Bakery & Coffee,[{'place_id': 'ChIJ7bFaGxJTqEcRZkR3dDtbF9Y'}]
Orlando Berlin,[{'place_id': 'ChIJqa8_eQRSqEcR6l2pt2usV8s'}]
DIE PIZZAHÜTTE,[{'place_id': 'ChIJ5WJqlARSqEcRFs9nV4DQ6Uc'}]
Trattoria Zoe,[{'place_id': 'ChIJs4s4FP5NqEcRX53AsKWLC1g'}]
3YS Vision GmbH,"[{'place_id': 'ChIJTbAOBABSqEcRD-cP31BLmr8'}, {'place_id': 'ChIJ40xr8x1SqEcRUR4fwzo3WhQ'}]"
Goldhahn und Sampson,[{'place_id': 'ChIJsz17FedQqEcRRrySBKY_IDU'}]
Trattoria Felice,[{'place_id': 'ChIJsXyGewBSqEcRNDyiAkGRl1g'}]
Giomecca Pastry,[{'place_id': 'ChIJoWBGBAZSqEcRZZGUc3upP2g'}]
Seth & Fathe Indische & Pakistanische Spezialitäten,[{'place_id': 'ChIJu4YcYhpSqEcRcGhp8q9eKbM'}]
George R Bar,[{'place_id': 'ChIJu19RZnNRqEcRzB9hucWHot8'}]
Burger Turm,[{'place_id': 'ChIJq_UYjjNRqEcRZaOHWYNGaBw'}]
Nord West Oase,[{'place_id': 'ChIJi1Aqo3JRqEcRWoxN7JnWEZc'}]
Zunftwirtschaft,[{'place_id': 'ChIJETXn6gxRqEcRqPm68igQEpg'}]
agni,[{'place_id': 'ChIJ9fc8fxFRqEcRMwkzsTU2yRU'}]
Havel Menü,[{'place_id': 'ChIJjaul63JZqEcRF6R8Rn-9KlE'}]
Dilay Lebensmittel Vertriebs GmbH,[{'place_id': 'ChIJBZkYd2xRqEcR2Nyu2urMKVM'}]
Walhalla,[{'place_id': 'ChIJi6jL8AtRqEcR15QB16sJSYk'}]
MAYAHUEL:tequilaverkostung und mehr,[{'place_id': 'ChIJP7lwKgxRqEcROgvQJeBve8Y'}]
YA-MAN Caribbean Soul Food,[{'place_id': 'ChIJVVXF9RFRqEcRa7tL6AB4rjU'}]
Lal Haweli,[{'place_id': 'ChIJ6bQo-hFRqEcRBEJNC3_WuBU'}]
Asiagourmet,[{'place_id': 'ChIJ_____7xRqEcRaJOFhSU5dOk'}]
EasyCookAsia,[]
Kapitel 21,[{'place_id': 'ChIJb1R_eZxRqEcRGdzgE2atrPY'}]
Clara Vere,[{'place_id': 'ChIJBwkkwyBRqEcRIkenU7rRhU8'}]
Restaurant Galija am Schloss,[{'place_id': 'ChIJUautsiVRqEcRtqrHmA3Lbmw'}]
Trattoria Rathaus Piazza,[{'place_id': 'ChIJz_uenVVRqEcRP41coq6bJEc'}]
Wilhelm Hoeck,[{'place_id': 'ChIJ93haHCFRqEcRQKdnvio_NhU'}]
CAFÉ KUNST GENUSS,[{'place_id': 'ChIJe3K7BohRqEcRZDnfzTBgITs'}]
Natural'Mente - Makrobiotik Gastronomie GmbH,[{'place_id': 'ChIJneJFVc5RqEcRPob76-XMq50'}]
Thai Restaurant Kien-du-kiang-thong,[{'place_id': 'ChIJDWxz3CZRqEcRXGDatkETSXw'}]
Kantine im Atrium,[{'place_id': 'ChIJP5Xg2z1RqEcR-2M8QJVWOJY'}]
Nguyen Imbiss Asiatische Spezialitäten,[{'place_id': 'ChIJe3fkvDpRqEcRBaPsjuOF4mk'}]
east Restaurant Grolmanstraße21,[{'place_id': 'ChIJVUGY3OJQqEcRwFUAmKvLOHo'}]
Philomenis greek delicious,[{'place_id': 'ChIJ90kGUh1RqEcRhV-0LaaiekI'}]
KLX - Koshary Lux,[{'place_id': 'ChIJx5A0vPxQqEcRk85VkfQ1oik'}]
Trattoria Tatou,[{'place_id': 'ChIJF4g8lf1QqEcR84EtdV4KUgE'}]
Dicke Wirtin,[{'place_id': 'ChIJb6AiJv1QqEcRQuhkF6bzTIg'}]
Good Friends,[{'place_id': 'ChIJsdOqTQxRqEcRhj1prfLTfBY'}]
Restaurant Kitchen Library,[{'place_id': 'ChIJySmR6OJQqEcRicbXnpuvr44'}]
Calcutta Restaurant,[{'place_id': 'ChIJ1Q8xo-RQqEcR2TluHiUKs94'}]
Cafeteria Amalie,[{'place_id': 'ChIJFQNTM3hRqEcR_T986IqfySk'}]
"Kaffeehaus Mila, Grolmanstrasse 40, 10623 Berlin",[{'place_id': 'ChIJqdqlhvxQqEcRdVsjY33nulg'}]
La Bocca di Culaccino,[{'place_id': 'ChIJ6Y9sO3NRqEcRJn-p9cplfNw'}]
Ristorante Romero,[{'place_id': 'ChIJQw2cO_xQqEcRmm3f36gHsBY'}]
Ashoka,[{'place_id': 'ChIJYVzO0eJQqEcR1CAoCRnCueo'}]
Ajanta,[{'place_id': 'ChIJwUF4j-JQqEcRkgvvBS7SqhI'}]
SATYAM,[{'place_id': 'ChIJbYB6Xx1RqEcRXgFN-6ROycI'}]
Manjurani,[{'place_id': 'ChIJB_q4QR1RqEcRwrVYkC6fQ58'}]
McDonald's Zooterrassen,[]
Ottenthal Restaurant,[{'place_id': 'ChIJwZePTvxQqEcRqc_BrpiJGfU'}]
Die Stulle,[{'place_id': 'ChIJR7U0JP1QqEcRDSBQWTzOjPQ'}]
Pizzeria Ali Baba,[{'place_id': 'ChIJRQTOp-RQqEcRhkybSua9CMY'}]
Thai Restaurant Elephant,[{'place_id': 'ChIJ6cr-PfxQqEcRzvNqXmHPRjo'}]
papaya in der kantstraße,[{'place_id': 'ChIJ87nI3-BQqEcRidBeWPIEENY'}]
Leibniz Cafe,[{'place_id': 'ChIJw57zPR5RqEcRuxsSS1Ga3xM'}]
NgoKimPak,[{'place_id': 'ChIJldPDf5VRqEcRypDTENyoMhk'}]
FunkyFisch,[{'place_id': 'ChIJU7-KvONQqEcRCmPCCvo-Fg4'}]
Biscotti,[{'place_id': 'ChIJc4rJquFQqEcRv4FLweuqOkg'}]
Reeham coffee,"[{'place_id': 'ChIJJ1rIsstPqEcR6I5njBvubK0'}, {'place_id': 'ChIJPZnhQuBRqEcReF20Y8rrfL8'}]"
Dal Buongustaio,[{'place_id': 'ChIJjT65HNxQqEcRPYflkCnq2BQ'}]
Lampang House Berlin,[{'place_id': 'ChIJ_xW4NjtRqEcRxwb640b0dDI'}]
Allgäuer Würstlestand,[{'place_id': 'ChIJY9noQ6JRqEcReUlN34gUSaE'}]
Vadoli Pizza,[{'place_id': 'ChIJl4yRmeBQqEcRJ038cgJlcBA'}]
Vegan Bio Snackbar by Attila Hildmann,[{'place_id': 'ChIJva4JEt9QqEcRLFs5NY5ijiw'}]
Fresh & Easy,[{'place_id': 'ChIJiY9wYuBQqEcRZHMNoy9EQUk'}]
soopri. trendfood - BERLIN,[{'place_id': 'ChIJjydLYNlQqEcROzeXcmIZxm4'}]
Jim Block Wilmersdorfer,[{'place_id': 'ChIJMQeLKN5QqEcRzR0sdi6lJjY'}]
Luigi's Catering Service,[{'place_id': 'ChIJK0CW8eNQqEcRSAtDt3wuewM'}]
Ristorante San Giorgio,[{'place_id': 'ChIJs4_Gjt1QqEcRqdONA9wDYsM'}]
Restaurant Samos,[{'place_id': 'ChIJbTzO0uVQqEcR1jy2cDBj7SI'}]
Cucina Comoda,[{'place_id': 'ChIJJ7SIBL0jZUEReAPla7NZSC0'}]
Salhino,[{'place_id': 'ChIJ3xmvfedQqEcR0vEFu4ewQQc'}]
Einhorn Deli,[{'place_id': 'ChIJ9ccFU_tQqEcRfWlTOgu2OzI'}]
Frau Behrens Torten,[{'place_id': 'ChIJawzUcnpQqEcRbdZiMJQg-_A'}]
NU Restaurant,[{'place_id': 'ChIJvzYbfuNQqEcR08rQEEOvfxk'}]
Christopher's,[{'place_id': 'ChIJ48RcU-VRqEcR5vmfqGFxRLM'}]
Roberta Café,[{'place_id': 'ChIJi3oRAuhQqEcRlV9Adqgxl0g'}]
Lutter&Wegner seit 1811,[{'place_id': 'ChIJYc9OFPpRqEcRCC9vv0w4eLg'}]
Restaurant Nußbaumerin,[{'place_id': 'ChIJFwMFQN1QqEcRwkulxXFy-2Q'}]
Ristorante & Vinobar Calibocca,[{'place_id': 'ChIJ1Vrbe-RQqEcRnpasKjzVzTY'}]
Gohan Tokyo to go,[{'place_id': 'ChIJG_KD-TxRqEcRpeu0WzFkMpg'}]
Nostress Café,[{'place_id': 'ChIJMQ-govdRqEcRqPGdlDHnBi4'}]
Restaurant bass,[{'place_id': 'ChIJ80LLUu9QqEcR5OKoBF1sv5M'}]
Subway KuDamm,[{'place_id': 'ChIJf4cV5eVQqEcRjSpYtMoP1Hs'}]
mrhai GmbH,[{'place_id': 'ChIJYWgeYeVQqEcRs2HVazQQJAY'}]
Restaurant La Gioconda,[{'place_id': 'ChIJDa7Qk-VQqEcRBoMfDO5ass4'}]
Ach Niko Ach,[{'place_id': 'ChIJ40M2BsNQqEcRWf9etfz3O0U'}]
FRANCUCCI‘s,[{'place_id': 'ChIJxxHclcJQqEcRW3QxkHp9V0Y'}]
Tugra Restaurant,[{'place_id': 'ChIJ7dILBcNQqEcRGR1eR_iziD8'}]
BLOCK HOUSE Am Adenauerplatz,[{'place_id': 'ChIJhar0cOhQqEcR8M_aSc0Rv_g'}]
DOS,[{'place_id': 'ChIJd3Iqc8ZQqEcRBIMjux5dYM8'}]
De Santi,[{'place_id': 'ChIJ4aslGMRQqEcRPstp_I0buIE'}]
Tavernetta Azara,[{'place_id': 'ChIJPYcLH8RQqEcR8RC4CspLVRs'}]
Restaurant zum Haxenwirt,[{'place_id': 'ChIJ5Rv0TvJQqEcR5c_O5sfoO8I'}]
Emi Backshop,[{'place_id': 'ChIJDfydvIxQqEcRM_HHzHd8EHw'}]
Bahadur Tandoori Grill & Currys,[{'place_id': 'ChIJDdWPNfNQqEcRc0gnoKag6zU'}]
MHD Ade,[{'place_id': 'ChIJR0iXbI5QqEcRsz1Zy_KK9B0'}]
Wilma Burgergrill,[{'place_id': 'ChIJaVGI3qlRqEcR3ox9Pdw0gV4'}]
Noi Due Ristorante,[{'place_id': 'ChIJw_2qswdRqEcRPzDcgzNiCxY'}]
Restaurant Berliner Hof,[{'place_id': 'ChIJ4xP-KopQqEcRjdeoLco1CiM'}]
Chuchichäschtli,[{'place_id': 'ChIJYQPiRvRQqEcRinAgkfIr-ow'}]
Salumeria Veneto,[{'place_id': 'ChIJT3AsE_NQqEcR9gbwqJX9vSc'}]
Stairs Bar,[{'place_id': 'ChIJa6KKAfRQqEcRU0_DSDRlxZU'}]
Restaurant Amberd,[{'place_id': 'ChIJ-Qw9U_FQqEcRGzDrQvhVIx8'}]
Taverna Hellas,[{'place_id': 'ChIJoYrVM_RQqEcRQwPF3hBlMZ8'}]
"imogti - Café, Tee, Kuchen, Snacks & Vegane Leckereien",[{'place_id': 'ChIJE-qVNfZRqEcR9M5pqiHyZnM'}]
Bakery&Cafe,[{'place_id': 'ChIJX36GL_lQqEcRpPtS8gtMa3w'}]
Restaurant Ta Panta Ri,[{'place_id': 'ChIJL98oK_FQqEcRcSUQrqkUuU8'}]
Cell Restaurant,[{'place_id': 'ChIJ6-WVG2NRqEcRa2GOIpDnKgE'}]
Mövenpick Weinkeller,[{'place_id': 'ChIJZ31Zt_pQqEcRbVoRbTbIh_Q'}]
Restaurant Weyers,[{'place_id': 'ChIJL0EhkPBQqEcRjIToWIYqE5g'}]
Hard Rock Cafe Berlin,[{'place_id': 'ChIJY5Xdsf5QqEcRd1E2widw50E'}]
Berliner Kaffeerösterei,[{'place_id': 'ChIJWzG7uftQqEcRS-9KDnvVeGg'}]
Piccola Taormina,[{'place_id': 'ChIJx9J0l_tQqEcRcumRlIMD6ek'}]
Spice india Restaurant,[{'place_id': 'ChIJ33NdPvpQqEcRWAYPYTnzHD0'}]
Berio,[{'place_id': 'ChIJS7EI6E5QqEcRCTSd9OLpWOM'}]
Trattoria á Muntagnola,[{'place_id': 'ChIJFb94LlFQqEcRXnI78AM-P3s'}]
Restaurant Rüdiger‘s,[{'place_id': 'ChIJVVVVlVBQqEcRjCE7DReVfcg'}]
Sissi - Restaurant,[{'place_id': 'ChIJZe1vSVBQqEcRP3TL0kS70lg'}]
Impala Coffee,[{'place_id': 'ChIJg4r87E5QqEcRVGvcLCUblA0'}]
Restaurant Feinberg's,[{'place_id': 'ChIJJa-e1VZQqEcRonVFHbZQmjk'}]
Pho12,[{'place_id': 'ChIJh40WX1xQqEcRt46Zkis4lFU'}]
The Hummus Guys,[{'place_id': 'ChIJX4clYiZRqEcRedS_C1JeS0Y'}]
Lon-Men,[{'place_id': 'ChIJk1j1gF5QqEcRZu29UDSrmQc'}]
Schöne Burger,[{'place_id': 'ChIJDebmGU9QqEcRN_wF9NLo1es'}]
papaya am winterfeldtplatz,[{'place_id': 'ChIJdVAoHE9QqEcRT1azafbAFiI'}]
KiezEis,[{'place_id': 'ChIJxSU_Ak9QqEcRIltAKjo_LIg'}]
Salut! Classic Bar,[{'place_id': 'ChIJOwX4nEZQqEcRNZqMdesNSII'}]
Tee Tea Thé,[{'place_id': 'ChIJUy25o0ZQqEcRiLCBXJjFdaw'}]
Trattoria Belmonte,[{'place_id': 'ChIJ6cOiKEVQqEcRF936vU3vg18'}]
Frau Bäckerin,[{'place_id': 'ChIJjaJFgERQqEcRquV8dsnN1y4'}]
Lochner Weinwirtschaft,[{'place_id': 'ChIJj8qHRU1QqEcRGcrEU3aTRis'}]
Mamsell,[{'place_id': 'ChIJmUfAIURQqEcRDIOKVm7Xtz4'}]
E&M Leydicke,[{'place_id': 'ChIJI46k0TlQqEcRm3thqKyx6Pw'}]
Ristorante Centro Sud,[{'place_id': 'ChIJrT9iSUlQqEcRzKFA6wXFOJU'}]
Café Manstein4,[{'place_id': 'ChIJI46k0TlQqEcR05GjKjZ4i2g'}]
Swadishta UG,[]
Maître vite - Ihr Gourmetbäcker,[{'place_id': 'ChIJ_ZE_vUpQqEcR6W_kz0BCTuE'}]
BURGER KING DEUTSCHLAND GEMBH,[{'place_id': 'ChIJ78XOQEpQqEcRBalVhfFOZjg'}]
EAT 91,[{'place_id': 'ChIJxfCOxHZRqEcR2ZwWYhFSTK0'}]
Rocket & Basil,[{'place_id': 'ChIJrW8qGBNRqEcR_MY6Q78nvCA'}]
The Wilson's,[{'place_id': 'ChIJq9E7q1VQqEcR1Oq1th0uDKc'}]
Espresso Bar,[{'place_id': 'ChIJK0mlwVNQqEcR3Dgp6RCiNOI'}]
Stue Kantine,[{'place_id': 'ChIJGYTmkKtRqEcRWx2mn3U_McE'}]
Jim Block Bikini,[{'place_id': 'ChIJO2UEZVVQqEcRgEA4I_TbaAY'}]
Curry Wolf,[{'place_id': 'ChIJjyeGYf9QqEcRxmk8gofnSu4'}]
Kartoffelkiste im Europa-Center,[{'place_id': 'ChIJpcO8eVVQqEcRy-wiYvgzInE'}]
Restaurant Le Piaf Gourmand,[{'place_id': 'ChIJfeh_GyZRqEcR2Sy7omo9kok'}]
Stullendealer,[{'place_id': 'ChIJdVD5hcRRqEcRtLpoXJzkZ60'}]
Dolores West,[{'place_id': 'ChIJB8tz_VNQqEcRooYgIoiHhOI'}]
Salut Mediterranean Food & Catering,[{'place_id': 'ChIJ5eOipPhQqEcRZ_41MMgmcrQ'}]
Glüxgefühl,[{'place_id': 'ChIJl_sH3VVQqEcRQLLs_wOmxHU'}]
Restaurant Toro Negro,[{'place_id': 'ChIJKbSRalZQqEcRvliwsH2ez3E'}]
Nuovo Antica Roma,[{'place_id': 'ChIJv6dSCFRQqEcRz4P7D8-_VZo'}]
Mana Restaurant,[{'place_id': 'ChIJAQDceUFQqEcRD78Z5WnkGAQ'}]
Miu Sushi,[{'place_id': 'ChIJq_swYHRRqEcRC2FML8JuUR4'}]
Moghul indische Restaurant,[{'place_id': 'ChIJKSyqAkFQqEcRA5IS5v7gSe8'}]
renger-patzsch,[{'place_id': 'ChIJD6AUe0FQqEcReUr1EfmIZcw'}]
Food Club Schöneberg,[{'place_id': 'ChIJEWpVkEFQqEcRTUU3LT_FSgg'}]
Der Rioja-Weinspezialist,[{'place_id': 'ChIJJXQxSUFQqEcRCXrPkzlxmj4'}]
Taverna Sevi´s Kos,[{'place_id': 'ChIJV2hCh0JQqEcRSbgYwn3uQrA'}]
Restaurant Robbengatter,[{'place_id': 'ChIJxUxZtV1QqEcRJ4sJBsKdDvw'}]
Tuk Tuk,[{'place_id': 'ChIJb4zEfjhQqEcROQqMWh6hX_o'}]
Caffein by Pericone GmbH,[{'place_id': 'ChIJm86-BD9QqEcRhxJP2grRlpg'}]
RefuEat Catering GmbH,[{'place_id': 'ChIJ0_0_-9JRqEcRdbtWjxhw51M'}]
Naumann Küche,[{'place_id': 'ChIJg_jVFhZQqEcRhVN7RwXvpqM'}]
esswirtschaft südkreuz,[{'place_id': 'ChIJYyFdT2ZRqEcRqpwWmj4CCo0'}]
Domino`s Kreuzberg Süd,[{'place_id': 'ChIJrRd29M9PqEcRxLf3tfr7NZ8'}]
Hostaria del Monte Croce,[{'place_id': 'ChIJ3yETYdZPqEcRUikrQxWJUAc'}]
Backhaus Liberda,[]
Hallesches Haus,[{'place_id': 'ChIJ1cF56hxRqEcRmvwteW1vOZw'}]
A.HORN,[{'place_id': 'ChIJqX9cqp8jZUERNBZEoOxeSGA'}]
Restaurant Split Berlin-Kreuzberg,[{'place_id': 'ChIJoYf2NCpQqEcRjOYTi2dX20c'}]
Zyankali Bar,[{'place_id': 'ChIJPdTV4C5QqEcRYuaEK_x3_h8'}]
What a treat,[{'place_id': 'ChIJGRR6GV1PqEcRqwlhbD5Qkyo'}]
Pagode Thai Kitchen,[{'place_id': 'ChIJSZUDPdhPqEcRgkY7H8j2lso'}]
van Loon Restaurantschiffe,[{'place_id': 'ChIJ651ttdNPqEcR4-hPi3ygHxg'}]
Molinari & Ko,[{'place_id': 'ChIJr677_tdPqEcRkL4Jdb8MwfM'}]
Taverna Athene,[{'place_id': 'ChIJ7cp1RCxQqEcRd34ZqFtq-N4'}]
BRLO BRWHOUSE,[{'place_id': 'ChIJU1qJezNQqEcRC6S-QH3btN4'}]
Chubby Cheeks Mochis,[{'place_id': 'ChIJt8HbfvtRqEcR8zox8YM2RdY'}]
BrezelBar e.K.,[{'place_id': 'ChIJ71QUNthPqEcRPpCjZkMAnhI'}]
Dolden Mädel Braugasthaus,[{'place_id': 'ChIJJxFKRyZQqEcRK3PbIlYA-XQ'}]
Schönes Café,[{'place_id': 'ChIJzYTOYMlPqEcRwI9Q_IBI1v0'}]
Datscha,[{'place_id': 'ChIJkV4EwMtPqEcRMVvQJHt7_ec'}]
Apocalypse Delivery,[{'place_id': 'ChIJg2JtgUxOqEcRd1FPPyI0XCI'}]
Herz & Niere Restaurant,[{'place_id': 'ChIJsd4z3M5PqEcRun-Zo1GDyUA'}]
Figl,[{'place_id': 'ChIJl6_14shPqEcRZgpoRfj60MI'}]
The Caternaut Catering,[{'place_id': 'ChIJXeHC3MlPqEcR4fJeq72tCUM'}]
Brauhaus Südstern,[{'place_id': 'ChIJA2r4fs9PqEcRsKbTP918OAM'}]
Gnam Pasta Factory,[{'place_id': 'ChIJ0XiPCxxPqEcRlz6dYYtNzaU'}]
Plan Café - Plan C,[{'place_id': 'ChIJ___vgMtPqEcRubSh5VwATmg'}]
Sala7berlin,[{'place_id': 'ChIJ4SNKMMxPqEcRy9-Y809GOgc'}]
Domino`s Pizza Kreuzberg Nord,[{'place_id': 'ChIJzdDT8S1OqEcRJa31nXPP6H8'}]
McDonald's,[{'place_id': 'ChIJFWWqXdFRqEcRDOdvgFwHseA'}]
Nobelhart & Schmutzig,[{'place_id': 'ChIJNdtTjdNRqEcR-n4Xa0Y92G4'}]
NaNum,[{'place_id': 'ChIJ76KkCoxRqEcRklhSCLoSBug'}]
Restaurant Tim Raue Fuh Kin Great,[]
Harun`s Kebab,[{'place_id': 'ChIJY-M4JdNPqEcRrCtjewn6QuE'}]
Dookie,[{'place_id': 'ChIJYcSRcM5PqEcRu63qzIZw6Tg'}]
Pacifico Buns & Bowls,[{'place_id': 'ChIJxycyzC1OqEcRxt40XrriE-g'}]
Parker Bowles/Dookie Pizza/Pacifico,[{'place_id': 'ChIJYcSRcM5PqEcRu63qzIZw6Tg'}]
Barkin'kitchen,[{'place_id': 'ChIJp2foVHRPqEcRlKXQJs67tS8'}]
Zum Heiligen Teufel - CUCINA ITALIANA,[{'place_id': 'ChIJs7WOip1PqEcRFIjgEu8WFeM'}]
Gloria Kreuzberg,[{'place_id': 'ChIJsTWFac9RqEcRCV_ashXj0Og'}]
Il Pizzaiolo,[{'place_id': 'ChIJY8CwLb1PqEcRsrmrfjLgD-k'}]
Restaurant Jolesch,[{'place_id': 'ChIJkUK660tOqEcRuCui4omy28c'}]
Restaurant Panther,[{'place_id': 'ChIJ1SX7P0pOqEcRvWQyUS3aGd0'}]
Jolesch,[{'place_id': 'ChIJkUK660tOqEcRuCui4omy28c'}]
McDonald's Wrangelstraße,[{'place_id': 'ChIJlV40EExOqEcRw-LRQsb4aos'}]
Monsieur collard,[{'place_id': 'ChIJ5_K4gElOqEcRYnJW8Y9WAjI'}]
RosaCaleta,[{'place_id': 'ChIJ7ToW0ktOqEcRkTfPfUpLiJQ'}]
Misir Carsisi,[]
Tsukushiya Japanese Deli,[{'place_id': 'ChIJM7oiqTNOqEcRdxavYjMyCM0'}]
DingsDums Dumplings,[{'place_id': 'ChIJVVWlSrNPqEcRwfTjeeTp-HU'}]
Tenur Restaurant - Kurdische Küche,[{'place_id': 'ChIJhyKpqspPqEcREUOBdM3iVGE'}]
Santa Maria,[{'place_id': 'ChIJkefnujNOqEcRhWUSkpCpFxE'}]
Original Unverpackt,[{'place_id': 'ChIJjTfV2EpOqEcRBKElu1XgsRA'}]
Simitdchi Café & Backhaus,[{'place_id': 'ChIJVVYrajNOqEcRzxSQecGcHcQ'}]
Tiki Heart,[{'place_id': 'ChIJ5xsyJUtOqEcRpYDjSvHEf-k'}]
Zola Neapolitan pizza,[{'place_id': 'ChIJDSV-58pPqEcRhlyCWYXDiy8'}]
Restaurant Morgenland,[{'place_id': 'ChIJeaQbNUpOqEcRF75kBlRUOEk'}]
CHAPARRO,[{'place_id': 'ChIJ0c70wUpOqEcRUizUrY_mdm8'}]
SPINDLER Restaurant,[{'place_id': 'ChIJ-8fl7MpPqEcRsHvXVp8w3WU'}]
Mani in Pasta (Ristorante),[{'place_id': 'ChIJ8x9bFFZPqEcRgvLnIB_QsK8'}]
CHAN Thai Restaurant,[]
WRAPUBLIC,[{'place_id': 'ChIJC9BtajJOqEcRXAt_4Kw3o0U'}]
Café Morgenstern,[{'place_id': 'ChIJ9bLTxcxPqEcRDpXAg2EUSbc'}]
Kaffeepur GmbH,[{'place_id': 'ChIJIVn2JMtPqEcRiWCC-ynqqfM'}]
Facciola,[{'place_id': 'ChIJp1eUVbNPqEcReoQxg5fUiIo'}]
Restaurant Bastard,[{'place_id': 'ChIJ8Usso7RPqEcRWM6jtBzsVQo'}]
Miss Saigon Restaurant,[{'place_id': 'ChIJI6J4YTVOqEcRpEb0fpnAQ3w'}]
Hungerkünstler,[{'place_id': 'ChIJv4wrdvJPqEcREl4XU1GNx-8'}]
Cafe Rix,[{'place_id': 'ChIJ53sPfKFPqEcR2YoRxw94yBw'}]
Balera Weinhandlung,[{'place_id': 'ChIJyaJmgJ9PqEcRmFMyFfFqJGQ'}]
Restaurant Vorwerck,[{'place_id': 'ChIJoVJVtDhPqEcRqdDVp5yCxfA'}]
Trattoria Vigata,[{'place_id': 'ChIJdfbVz6lPqEcRlFgfrThRZrg'}]
Crazy Bastard Sauce,[{'place_id': 'ChIJ9ffdWahPqEcRhBcRYStdP8A'}]
cafe tschüsch,[{'place_id': 'ChIJXVnQ2W8jZUERxKw4SbZfde8'}]
Amore Store,[{'place_id': 'ChIJUYaM0LVPqEcRn4lzNsb2sNA'}]
Pan Africa Restaurant & Catering,[{'place_id': 'ChIJlQ0yd2JQqEcREMf7Y-d-Nco'}]
Aapka - Restaurant,[{'place_id': 'ChIJ6WHKSLRPqEcR64C_aSeiVYM'}]
Populus Coffee,[{'place_id': 'ChIJSzc0pbVPqEcRu0HhvjBxB3U'}]
Teas & Trees,[{'place_id': 'ChIJzXFVQhdPqEcR8fn-60rkmr0'}]
Geist im Glas,[{'place_id': 'ChIJo99QRrZPqEcRXW-E2PeTJ4A'}]
Café Kanel,[{'place_id': 'ChIJubzbZZZPqEcRI1YDmJuY9Is'}]
La Pecora Nera,[{'place_id': 'ChIJ17uJN75PqEcRKVO6yDVtNog'}]
m|a - feine Kost,[{'place_id': 'ChIJRxDwhb1PqEcRaEOo7zWvtkk'}]
Pomeranze Kaffeebar,[{'place_id': 'ChIJldN_tzxPqEcRi2oU429bekA'}]
Nini e Pettirosso,[{'place_id': 'ChIJw_7Px55PqEcRkZoHHLA_UBM'}]
Café PLUME,[{'place_id': 'ChIJx_0fypBPqEcR5odMNUDq8kM'}]
Sieben Gewürze Catering,[{'place_id': 'ChIJafUXPZ1PqEcRDCGbZZejqD4'}]
TISK Speisekneipe,[{'place_id': 'ChIJq6pOVrtPqEcROA4mHsDYIjI'}]
Afarmerforyou,[{'place_id': 'ChIJtVCFa7tPqEcRjTfM__EMNms'}]
Pan Africa restaurant,[{'place_id': 'ChIJlQ0yd2JQqEcREMf7Y-d-Nco'}]
Sweet Kitcen GmbH,[{'place_id': 'ChIJDQd3I7hPqEcR-7slwAFOk88'}]
Machiko's  Küche,[{'place_id': 'ChIJM2nZdUJPqEcR2mtlaACSD28'}]
Conservas Berlin,[]
Pecados,[{'place_id': 'ChIJJXW2lflPqEcRVKSbmabf5OM'}]
Amma Restaurant,[{'place_id': 'ChIJVbcGLGFEqEcRplfYP344Agg'}]
Subway,[{'place_id': 'ChIJYdKLpWlUqEcRGhmJjmOhTvg'}]
Pausini - Café und Catering,[{'place_id': 'ChIJoSXpUv9PqEcREC2RB2Xtdco'}]
Tempio Antico,[{'place_id': 'ChIJ-QFTHgJQqEcRm9HnLTPROpE'}]
Tonsai Thairestaurant,[{'place_id': 'ChIJRcgAZ_9PqEcRY423WAl9tN0'}]
Nuova Mirabella,[{'place_id': 'ChIJjW9bSfxPqEcRpaXVOsDT9c4'}]
Café Olé in der UFA Fabrik,[{'place_id': 'ChIJHeF9dalUqEcRTwFvajc8Eoo'}]
AMERICAN LIFESTYLE - US-Shop Berlin,[{'place_id': 'ChIJ6-UIwlRFqEcRhcAjF2e-0kU'}]
Villa Christina,[{'place_id': 'ChIJmTv850ZFqEcRklSGHHmqRa4'}]
Call to Eat,[{'place_id': 'ChIJcegmlUdFqEcRa9uMZJPbyGw'}]
DogTap Berlin,[{'place_id': 'ChIJZ75WXoRFqEcRejOQT3eJQ-k'}]
Bäckerei Forddamm,[{'place_id': 'ChIJcXgrk0dFqEcRo-Dkd6_0J8M'}]
frohSINN schank speisen barkultur,[{'place_id': 'ChIJrar6lXVQqEcRAyr3R7W4xmQ'}]
YUZU Izakaya & Sushi,[{'place_id': 'ChIJd5ATJ-tRqEcRqvzFNT17V-c'}]
Mare e Monti,[{'place_id': 'ChIJgx0XlkJbqEcR_gEkFTIXyig'}]
La Mezcla,[{'place_id': 'ChIJT72FnXBQqEcRThB7um2uYK4'}]
Fame Burger,[{'place_id': 'ChIJKTxkgfpRqEcRv4bHaq764Sk'}]
Lula am Markt,[{'place_id': 'ChIJ0WuwYXpQqEcRs-n98YpyZo8'}]
Friedenauer Grill Bistro,[]
Schmidt Z&KO.,[{'place_id': 'ChIJq27yWnhQqEcRKAXQQmVzQHc'}]
Café Cocosh,[{'place_id': 'ChIJqwoDvoZaqEcRT_w0zun__28'}]
Como en casa,[{'place_id': 'ChIJGX2jLHxQqEcRIEDOdGeiOds'}]
Ristorante Pino,[{'place_id': 'ChIJuanxin1QqEcR7yQes5hcQwg'}]
CARLOS CARAVELA,[{'place_id': 'ChIJF2WCS3hQqEcROjQnzMqf44w'}]
Pasta Focaccia,[{'place_id': 'ChIJk7C2tIJaqEcRpnwRpW3a_BU'}]
Restaurant Dalmacija,[{'place_id': 'ChIJYRFJb3VTqEcRBuxlzHvZuyA'}]
Curry Wolf Schloßstraße,[{'place_id': 'ChIJqfNdG81bqEcRBcumV-s09J0'}]
Pizzeria La Buca,[{'place_id': 'ChIJSf9di4NaqEcR26KVuKodfiA'}]
Pot & Pepper,[{'place_id': 'ChIJQT1cQoRaqEcRgf0DyDQdIVA'}]
Foersters Feine Biere,[{'place_id': 'ChIJn9v5gn9QqEcRjQagKaYf-Os'}]
Sale e Pane,[{'place_id': 'ChIJVWLB7IFaqEcR15U_-GLC4Tw'}]
Gyros Grill Villa Christina,[{'place_id': 'ChIJS7GHpbdbqEcR6rlwDlR8Jfg'}]
Split grill,[{'place_id': 'ChIJQ4aSZIJaqEcRbfPLsNf9lZs'}]
Thai Restaurant Mai Phai,[{'place_id': 'ChIJfbrN84JaqEcR9Cy_BH_Kr_0'}]
BurgerArt,[{'place_id': 'ChIJC82T0YVaqEcR8jQnOxBmys4'}]
Sombrero Restaurant Bar Catering,[{'place_id': 'ChIJgyyNKIZaqEcR4d2gp7112r4'}]
Domino`s Berlin Lichterfelde,[{'place_id': 'ChIJezHbN_paqEcRXin49HCde4I'}]
Eiskimo Berlin,[{'place_id': 'ChIJ8wgZYlxaqEcRoFO__oR8UD0'}]
Restaurant Macedonia,[{'place_id': 'ChIJNzvYulw7ZUERljuk-gZU6LE'}]
Goldkörner Müsli-Manufaktur,[{'place_id': 'ChIJtT712ftaqEcRDjIs2Pb3XsQ'}]
Restaurant Annarella,[{'place_id': 'ChIJezLqtP9bqEcRhnRkuhPBTWg'}]
Enoteca Vecchio Mulino,[{'place_id': 'ChIJM4E4G11aqEcR2FsmwOAj4Z8'}]
Ristorante Marinella,[{'place_id': 'ChIJjzq_PUNaqEcRCCMF26zgwA0'}]
Royal Garden,[{'place_id': 'ChIJVUr9wBtbqEcRy_AwhFIm4ag'}]
Restaurant Schlosspark-Grill,[{'place_id': 'ChIJFQEEjvBaqEcRBQATmwCJe68'}]
Café Rosenduft Organic,[{'place_id': 'ChIJ91MH_-ZaqEcRWIPuGp23h_M'}]
Il Campo,[{'place_id': 'ChIJqebhsQVbqEcRB93Un59kNag'}]
Osteria 33,[{'place_id': 'ChIJIUy5n-9bqEcRH0Uhs7n6ZYk'}]
Torrefazione,[{'place_id': 'ChIJSevTUnI7ZUERC_y7HZMw9Rw'}]
Taverna Levkos Pyrgos,[{'place_id': 'ChIJp9vznqE7ZUERaOh_dRGprjk'}]
Bab Kisan,[{'place_id': 'ChIJzWnGaWlbqEcRExa-DfsGjX4'}]
Bei Maria,[{'place_id': 'ChIJxUU1krdaqEcRQ6jBO34CcXQ'}]
TAVERNA SIRTAKI,[{'place_id': 'ChIJ27118rdaqEcRgrtz751_R_Y'}]
Eiscafé Malibu,[{'place_id': 'ChIJJ7U6fBxFqEcR6X3tupwjSu4'}]
Sushi for you,[{'place_id': 'ChIJzckTIy9FqEcREZHYLSbqOnM'}]
Dalmacija Restaurant,[{'place_id': 'ChIJGxglWSlbqEcR3tGx8Yf6CRA'}]
Restaurant My friends,[{'place_id': 'ChIJJQ7JUvxEqEcRGgujPYhVrHs'}]
Meteora,[{'place_id': 'ChIJeQ_Vcv1EqEcR5XdI6P-fjQI'}]
Restaurant Yammas,[{'place_id': 'ChIJNwN-KIpEqEcRHiCzyeZB-lA'}]
Gyros King,[{'place_id': 'ChIJzwIpS_xEqEcRy4KTdEf1-Gs'}]
EisQueen,[{'place_id': 'ChIJ8UeE1U9FqEcRzzDeyFCRmzQ'}]
Maras Eis Frühstückshaus,[{'place_id': 'ChIJ3709FrZFqEcRiXlaS8cZUdg'}]
Ristorante sole d’oro,[{'place_id': 'ChIJicsKGLxFqEcR-RieNBAGasA'}]
Restaurant Filia,[{'place_id': 'ChIJ-VxQFrxFqEcRyu8FoCrt388'}]
Lee Homemade Dumpling Art,[{'place_id': 'ChIJl9Z3_PxHqEcRLsXVWMpIkDk'}]
Ristorante Rigoletto,[{'place_id': 'ChIJidF3W-BFqEcRl_fiHGRS6Uw'}]
Trattoria Pane e Vino,[{'place_id': 'ChIJj1Z-2ApGqEcRsJuo4C4jE88'}]
Kalle Klein Restaurant I Cafe,[{'place_id': 'ChIJnX-qca5PqEcR9ZANDr0xGxU'}]
Napolitana,[{'place_id': 'ChIJFR_njgJPqEcRa3lmhxtcvdU'}]
Desha Lokanta,[{'place_id': 'ChIJWxXtrwBPqEcRAyF2rDPFW3E'}]
Treptower Klause,[{'place_id': 'ChIJHUoLjKxPqEcRWQ51JfideEc'}]
McDonald's Treptower Park,[{'place_id': 'ChIJZzCq8QBPqEcRUxcNplvRxks'}]
Twins Food & Coffee,[{'place_id': 'ChIJq6h-6PdPqEcRdj0THXBX9dM'}]
Essen statt Kochen,"[{'place_id': 'ChIJgx1C4hpPqEcRr-bIXXakW-4'}, {'place_id': 'ChIJaSus4xpPqEcRBl2qeXIpumw'}]"
passenger coffee GmbH,[{'place_id': 'ChIJaxDB6KlPqEcREDZx7F5Y7OA'}]
Teufelsküche,[{'place_id': 'ChIJGc04hwNPqEcRdpjIj0nuXKs'}]
Wildeküche,[{'place_id': 'ChIJp019BUtOqEcRReC-I1CHuwI'}]
Serrano,[{'place_id': 'ChIJFV0qu1hPqEcRtV55vwZ24_c'}]
Weindealer Treptow-Köpenick,[{'place_id': 'ChIJQeRqlrFIqEcR1NSljXINEFE'}]
Pizza Hof,[{'place_id': 'ChIJ_ek7oARJqEcR8cQHFidZNsI'}]
Ristorante Stella del Köp,[{'place_id': 'ChIJAY63M4xIqEcRq1GVQt4zzGM'}]
Kranhaus Cafe Berlin,[{'place_id': 'ChIJ-ztiupdIqEcRTfBdSom4M2k'}]
Manifattura del Gusto,[{'place_id': 'ChIJx5b7T75IqEcRCPSgO3fLb24'}]
Optimahl Catering GmbH,[{'place_id': 'ChIJz2rE0h9GqEcRvF9b6cELU-8'}]
BIOLOGISCH by Optimahl,[{'place_id': 'ChIJz2rE0h9GqEcRvF9b6cELU-8'}]
CurrywurstNr.1,[{'place_id': 'ChIJr3mVVilGqEcRbN97izF8rQk'}]
Speisemanufaktur Adlershof,[{'place_id': 'ChIJv3FDVTtGqEcR4ZomMZEIEe0'}]
Speisemanufaktur / Bistro,[{'place_id': 'ChIJ77DzRS5GqEcRvrtZfGV-kNw'}]
Restaurant Meet Saigon,[{'place_id': 'ChIJMTS-G6pHqEcRavK6YkqjXaU'}]
Restaurant Athen,[{'place_id': 'ChIJEeZMZStGqEcRHzXDUZBYUf8'}]
esswirtschaft,[{'place_id': 'ChIJn9Mh9i9GqEcR-0_KqKW8ZiM'}]
esswirtschaft adlershof,[{'place_id': 'ChIJn9Mh9i9GqEcR-0_KqKW8ZiM'}]
Die Küchengeister,[{'place_id': 'ChIJS_bPDYtOqEcRdPOySOxTXH0'}]
Eat Green Berlin,[{'place_id': 'ChIJJ6Xu3S5GqEcRTLrm4rGkXs4'}]
Havelwasser.com,[{'place_id': 'ChIJa6-Mx5VHqEcRAC8Ijm6Roj0'}]
www.rapskernoel.info,[{'place_id': 'ChIJ312Sx5VHqEcRQ-7PD9NmeQQ'}]
Gaststätte Ebel,[{'place_id': 'ChIJP4qvqzVGqEcRVIYKFyafJG4'}]
Chick n Chips,[{'place_id': 'ChIJbcdlDJVHqEcRO0zJuj5xK9Q'}]
Zum Bohnsdorfer Eck,[{'place_id': 'ChIJtfRchahHqEcRMpQOdXdfqkk'}]
La Dolce Vita Ristorante,[{'place_id': 'ChIJvTAbTJdHqEcRGqoJw-mby5k'}]
La dolce Vita,[{'place_id': 'ChIJvTAbTJdHqEcRGqoJw-mby5k'}]
Foodlocker,[]
Mutter Lustig,[{'place_id': 'ChIJ7RWyBXFIqEcRGxB1q9ErIpw'}]
Duke Bar,[{'place_id': 'ChIJYRmfA25IqEcR6Ah92nEs_N0'}]
"Restaurant "" Skipper """,[{'place_id': 'ChIJZft0Gt5RqEcRjQ3jas-fMfY'}]
Baguette &  Buch,[{'place_id': 'ChIJi_X7anpIqEcRxEmBpEGbSP8'}]
Goldgrün,[{'place_id': 'ChIJL3Q9jLQ5qEcRbTB-4dxwNrI'}]
Restaurant Ehrlich,[{'place_id': 'ChIJ615da-Q3qEcRGEKWJ8O0DEo'}]
Restaurant Café Pane Vino,[{'place_id': 'ChIJGTV_5uA3qEcRG9f8mVB5hAU'}]
Domaines am Müggelsee,[{'place_id': 'ChIJI2AZPeQ3qEcR8nG_8pRACzY'}]
ÄGIR Müggels(pr)ee VereinsLokal & RuderBar für Jeden,[]
Gasthaus Hahns Mühle,[{'place_id': 'ChIJ7UVAtx1IqEcRebVQrRbNrG8'}]
Ajad Restaurant,[{'place_id': 'ChIJN2Kx-G03qEcREXl2KZRpMj0'}]
Fermenthaus unverpackt Laden,[{'place_id': 'ChIJa7WleXlJqEcRcd-F4oz7UBQ'}]
Döner Haus,[{'place_id': 'ChIJX3kq6JpJqEcRvdKG_RdLfkc'}]
"Restaurant ""Zur S-Bahn Kaulsdorf""",[{'place_id': 'ChIJAergcnhJqEcRST9W0VduzeY'}]
Burger King Deutschland GmbH,[{'place_id': 'ChIJZR6bL1BJqEcRDWMaI5u0U7o'}]
McDonalds Berlin-Alt Mahlsdorf,[{'place_id': 'ChIJDREFK-xJqEcRtuhTL6KbnQA'}]
Balaton Express,[{'place_id': 'ChIJQwHBh79JqEcR-MSGIp5oAJY'}]
"Griechisches Restaurant ""PATHOS""",[{'place_id': 'ChIJaaxbeg5JqEcRYLlhm4ga3c4'}]
Ristorante Rossini,[{'place_id': 'ChIJgQaRTBtJqEcRL9uB3pPsj1k'}]
L'Osteria Mahlsdorf,[{'place_id': 'ChIJ6ydhTuxJqEcRSMQwcNq1oTI'}]
Subway im Eastgate,[{'place_id': 'ChIJgcFYBfZLqEcRUdBlAcb7s7A'}]
Partyservice A. rohde GmbH,[{'place_id': 'ChIJkzkR4KpOqEcR2vmY_753Zi4'}]
Cafeteria Uwe Gläser,[{'place_id': 'ChIJs8blKwBMqEcRNv9qMiY0oLQ'}]
Lemongarden,[{'place_id': 'ChIJobGairRJqEcRjhp_n82GTe4'}]
Steakhaus Marzahn,[{'place_id': 'ChIJ0T4rZJBLqEcRMMuJTnCS-g8'}]
KHOSCHK Oriental Nutrition UG,[{'place_id': 'ChIJJzgtJh5LqEcR0wMwe9K6tpA'}]
Gaststätte Barnimquell,[{'place_id': 'ChIJIy82flFMqEcR2zWyfSCqzWE'}]
Feurichs Wirtshaus Malchow,[{'place_id': 'ChIJi_dCigdNqEcRCMdEy-79k1c'}]
abholservice24.de,[{'place_id': 'ChIJl6eR0RNMqEcRcxwS3QjW_D8'}]
Gasthaus Rustikal,[{'place_id': 'ChIJG_JjxNRTqEcRV0muskRvZIs'}]
Fräulein Kimchi,[{'place_id': 'ChIJWRVxUAJOqEcRmWirTYtmixk'}]
Partyservice-Otte GmbH,[{'place_id': 'ChIJJxY5QA9OqEcRf2qCbQpR2v4'}]
BioRestaurant Mandelbaum,[{'place_id': 'ChIJb5rnXcNNqEcRRShyo2qKO6E'}]
Humble Pie,[]
Yellow Pizza,[{'place_id': 'ChIJ-y1Sq8VNqEcR3ZCPeGhzx54'}]
Herr von Marusin,[{'place_id': 'ChIJAQCwYQ5OqEcRSmZXjfvqvLs'}]
Das märchenhafte Ribhouse,[{'place_id': 'ChIJPyBzATZNqEcRuNZyJ4ffeEI'}]
India Haus,[]
Palast Bistro,[{'place_id': 'ChIJhV6QxL9SqEcRNJm9rlmVeKc'}]
auszeit,[{'place_id': 'ChIJhUN_b3hRqEcR0IdRG-Gf9dg'}]
Café Sommerlust,[{'place_id': 'ChIJm6npdWdSqEcR8by99zUavow'}]
Let‘s Burger,"[{'place_id': 'ChIJU3kG2l1SqEcRvvGgxZJTSfM'}, {'place_id': 'ChIJhUN_b3hRqEcR0IdRG-Gf9dg'}]"
"Restaurant ""Zum Torhaus""",[{'place_id': 'ChIJ04qUHVZSqEcRtR0l2NxhrUw'}]
Gegessen wird immer,[{'place_id': 'ChIJ5TOxzKVTqEcRnv7ASPP-WE0'}]
Café Steckenpferd,[{'place_id': 'ChIJjelhCthSqEcRLcw0ZsusVj0'}]
FRANZ Kuchen und Speisen,[{'place_id': 'ChIJ7VmGNmtSqEcRWw9TuHj4VSU'}]
Cafe Schön & Gut,[{'place_id': 'ChIJFc6RQmpSqEcR3Jh2BcygV0c'}]
Café Genüsslich,[{'place_id': 'ChIJHwGOfm9TqEcRnelD61X8XM8'}]
Athena Roma,[{'place_id': 'ChIJxVVL6PdNqEcRI7g8XiPtjh0'}]
Pizzeria Allegro,[{'place_id': 'ChIJJVuj78JRqEcRi_Wn-6kH1tk'}]
Restaurant Schraders,[{'place_id': 'ChIJkcRr59RTqEcRtGrBkHJ-izU'}]
Herr Ribisel Catering GmbH,[{'place_id': 'ChIJd2c_QSpSqEcR23sRR8RQkZs'}]
Louis Alfons- Premium Burger&Veggie Grill,[{'place_id': 'ChIJ5x0_04dRqEcRjQqK2x9cWnw'}]
Zagreb-Grill,[{'place_id': 'ChIJ5zZQ3d1TqEcRavR4gCEgqD8'}]
Shikgoo,[{'place_id': 'ChIJtdwgHYJRqEcRvCj_XQRLUXo'}]
12 Cafe & Bar,[{'place_id': 'ChIJr6ODKFxRqEcRi5vaDcN5uIM'}]
Chamelion Coffee,[{'place_id': 'ChIJCTFyHqVRqEcRsXlgXdcMOO8'}]
SaLuCa,[{'place_id': 'ChIJS8r4JWZRqEcRYUbKir56dRE'}]
IL PAESE,[{'place_id': 'ChIJE_mRTPZRqEcR34csb4aCUss'}]
Çi?köftem,[{'place_id': 'ChIJ0RJouSVSqEcRw-pupa9t6PU'}]
Shalimar Restaurant,[{'place_id': 'ChIJ_zCvTiJSqEcRdTNV4MYySqE'}]
Cafe La Femme,[{'place_id': 'ChIJuZci8iFSqEcR_b8J8AaEmsc'}]
AKKO Chicken & Grilled,[{'place_id': 'ChIJWWu2WVtTqEcRmZpEZ_lUHqQ'}]
Kakadu,[{'place_id': 'ChIJ959nAj1SqEcRkcDbH_WoHkc'}]
American Burger,[{'place_id': 'ChIJgQxLfDtSqEcRYM7lP_kG654'}]
Berlin Burger Box,[{'place_id': 'ChIJ3wZTW2NTqEcR2Qd63_HgHVQ'}]
John Catering,[{'place_id': 'ChIJS8Y2yItTqEcRV4UYUoHn0XI'}]
Restaurant PAPADAM,[{'place_id': 'ChIJq0bkeOhTqEcRRnJrVcjMq_Q'}]
"Croatia Grill ""Zum Ritter""","[{'place_id': 'ChIJE3bITDJSqEcRhixWXpl89nY'}, {'place_id': 'ChIJlbLhsjNSqEcRaqRRkSMXN3E'}]"
"Restaurant ""Zum Pferdestall""",[{'place_id': 'ChIJYf1zV8tTqEcRNpJn6cKTCwc'}]
Taverna Hellas Ariston,[{'place_id': 'ChIJmWaIYS1SqEcRWTRkmcAvMJY'}]
Restaurant la Mardini,[{'place_id': 'ChIJ_WBiNz9TqEcRjh5rNexmpIk'}]
Ristorante Capitano,[{'place_id': 'ChIJHbB_QXRTqEcRqV7wEJrSEGQ'}]
Restaurant Aanjal,[{'place_id': 'ChIJn4aMRHhTqEcRfOH7TpNBA60'}]
Trattoria Isola Verde,[{'place_id': 'ChIJlVc0wn5UqEcR_u89wPOstnI'}]
Taverna Orakel,[{'place_id': 'ChIJ5T1IahEgZUERxcQ-kI68SmQ'}]
Foodwerkstatt,[{'place_id': 'ChIJ7w3MumlUqEcRH-fgydhIx1M'}]
Ristorante Landhaus am Poloplatz,[{'place_id': 'ChIJNUDUFSurqUcRTEg41TJgjDI'}]
Kaffeehaus Zeltinger,[{'place_id': 'ChIJrz7MbNBUqEcRpNdFDLTYrkg'}]
LANDHAUS HUBERTUS,[{'place_id': 'ChIJ2YqdNtiqqUcRqvIBSeihUFA'}]
Der Gaideck,[{'place_id': 'ChIJC71rg5VUqEcRW8eeCMhDGXk'}]
China Restaurant Schatzkammer,[{'place_id': 'ChIJzZ5w4eHfZEERsgIvfKxkXeY'}]
Ristorante Da Mastrangelo,[{'place_id': 'ChIJnfyqfpVUqEcRRu0ILnKgSD8'}]
Asia Wok,[{'place_id': 'ChIJmyVzUF1UqEcRaaSVF7iVRuo'}]
Ristorante Donna Francesca,[{'place_id': 'ChIJpzdYJENUqEcRpMv2rKeNads'}]
FISHERMANS Restaurant,[{'place_id': 'ChIJXevE4kNUqEcRL-iTOyd9_Uc'}]
China Restaurant Lucky Chinese,[{'place_id': 'ChIJX1Q3b0NUqEcRaXTC7FdgojE'}]
Schmeckt,[{'place_id': 'ChIJEYi5HGJUqEcRZe5BNZM0HIc'}]
Atma indische Küche,[{'place_id': 'ChIJo4CRmHFUqEcRzEfKa4knkBg'}]
Beyzade Restaurant,[{'place_id': 'ChIJy7B-NEhWqEcRXawaU_aWTi0'}]
Leckerschmecker Catering,[{'place_id': 'ChIJqeJIpYL4qEcR7eaVbTSg7xs'}]
Dolci&Salati,[{'place_id': 'ChIJpbchYv9XqEcRtpMIOk2__RE'}]
The Pizza Club,[{'place_id': 'ChIJ-Y6SY8UjZUERpr8RRF6Pqt0'}]
Il Vagabondo,[{'place_id': 'ChIJ03QbzhVWqEcRvkh4cn-rj-g'}]
Brauhaus in Spandau,[{'place_id': 'ChIJLeHqc0FWqEcRpbsmTg4T_cI'}]
Partyservice Dilg,[{'place_id': 'ChIJH_fMIOBVqEcRJSEznmV6IJ8'}]
Ekmek,[{'place_id': 'ChIJdYl8-NZXqEcRFPs0D9Ot_4g'}]
Grillhaus BAHA,[{'place_id': 'ChIJwfuZPOD5qEcRDhfE_fYA2Eo'}]
Dioklecijan Split,[{'place_id': 'ChIJ45UqYRlWqEcR_JLLUuKhN_E'}]
Trattoria da Francesco,[{'place_id': 'ChIJuXDqMpz4qEcRDibTHIcllVI'}]
Heidekrug,[{'place_id': 'ChIJdaUDjJH4qEcRygpmCwfmgGs'}]
Tempel der Gesundheit,[{'place_id': 'ChIJ51HgrEZWqEcRlWphzCb0N04'}]
Evergreen,[{'place_id': 'ChIJZQyGktVXqEcRmyCRJ4Lrgic'}]
Il Nuouvo Arcino’s,[{'place_id': 'ChIJ2957vMRXqEcRp2ZFx6ag4bg'}]
Barfly,[{'place_id': 'ChIJby-1tkpWqEcR4R_QtmTW0u0'}]
Croacia-Eck,[{'place_id': 'ChIJcTPQF0tWqEcRyVx7bQlBKXE'}]
SATT UND SELIG,[{'place_id': 'ChIJmbrIyEZWqEcRrjGzTR9Ucmg'}]
Mischau Wurst - und Fleischwaren Werksverkauf,[{'place_id': 'ChIJidiIc-VWqEcRgYS18_2JBoE'}]
Fadice,[{'place_id': 'ChIJPQpYq0ZWqEcRvGCY1h5aFE0'}]
Café-Bar-Bistro Charlotte,[{'place_id': 'ChIJv2B54kZWqEcR8U2GtSpZvSE'}]
Restaurant*Bar MeilenStein,[{'place_id': 'ChIJbxGH_XchZUERTZ73JGyLZSg'}]
Taverna Telonio,[{'place_id': 'ChIJT2odOf9XqEcRAgXt0NOTCdg'}]
Eli Eis Manufaktur,[{'place_id': 'ChIJE4qt_1pXqEcR_0uFu39JAoY'}]
Thi Dien Asya,[]
FandBit,[{'place_id': 'ChIJuRyMAYZWqEcRmVUTH_Z8wHU'}]
catering Aleppo Al Shahba,[{'place_id': 'ChIJGTjXYkJRqEcR8w7JbjYax5Y'}]
Gezer Fleischmanufaktur Berlin GmbH,[{'place_id': 'ChIJscjMi2lRqEcR3FI6dh6re1U'}]
Restaurant Stammhaus,[{'place_id': 'ChIJ_fjUlcBWqEcR3W9j-PGDIak'}]
Da Matteo,[{'place_id': 'ChIJ2dEq_tlWqEcRrgHJfAiOBr4'}]
Piccolo Mondo,[{'place_id': 'ChIJIQLxqSlXqEcR4VIvx2Ky9qo'}]
Joes Restaurant & Wirtshaus,[{'place_id': 'ChIJmXldSv5QqEcRWgeqefVwkmk'}]
Salumeria Via Vai Specialità Italiane,[{'place_id': 'ChIJBXjuBSlXqEcRCGEkyIgNY2Y'}]
Mahanakhon Thai Cuisine,[{'place_id': 'ChIJMeLkGdpXqEcR2jDpGlmh394'}]
BLOCK HOUSE Theodor-Heuss-Platz,[{'place_id': 'ChIJmRaE9StXqEcRJvFYj2DpxDo'}]
Schumanns Marron,[{'place_id': 'ChIJ8QXBqf1XqEcRQ-tYLsIwaEc'}]
Il Cardinale,[{'place_id': 'ChIJ8dDWn9hWqEcRbj6hgUsUPhI'}]
Tiroler Stuben Berlin,[{'place_id': 'ChIJ9a1oCEBXqEcRpfcBs5P5J_Q'}]
Zur Dicken Knolle,[{'place_id': 'ChIJw9qC_dBXqEcRcckgLX4PdsU'}]
Brot und Schokolade,[{'place_id': 'ChIJWzlyvtlQqEcRja7DLi896qc'}]
Engelbecken,[{'place_id': 'ChIJ2U1SwtlQqEcRxSAPNbmVI_8'}]
Andys Diner & Bar,[{'place_id': 'ChIJ8-7hJLwjZUER7CK5q7W2ZuA'}]
Lenhardt,[{'place_id': 'ChIJl8EHq9BQqEcRxr7H_WyGrBU'}]
Restaurant Schlossgarten,[{'place_id': 'ChIJFzdp_yVRqEcRdNaNUQEKUo4'}]
Restaurant Die Eselin von A.,[{'place_id': 'ChIJbYgbw-lRqEcR2RbGG6ZJFKA'}]
Restaurant Al mundo,[{'place_id': 'ChIJwwnwBdhQqEcRmNhiaheYjkg'}]
Café Villa Oppenheim,[{'place_id': 'ChIJW4LvaiZRqEcR9irxQxVPRNI'}]
Opera Italiana,[{'place_id': 'ChIJHxwghSVRqEcRgdEQSM9JoiE'}]
Gutshaus Neukladow,[{'place_id': 'ChIJr1PtAEJYqEcRVg_pZgqZWlE'}]
HAUS SANSSOUCI,[{'place_id': 'ChIJVX-Ac_pYqEcR8pMoiTL5l9w'}]
Wirtshaus Halali,[{'place_id': 'ChIJhbXao8JYqEcRCKdRTPiZUJg'}]
König 19 Feinkost,[{'place_id': 'ChIJNeEdCsFYqEcRhWE37xFKw_Y'}]
Restaurant Santalucia,[]
Das ClubRestaurant,[{'place_id': 'ChIJT43jv-VYqEcRoRavY8vAPy0'}]
Weinmagasin,[{'place_id': 'ChIJh_Gt5J5ZqEcR9gW_1s3LuVQ'}]
Brisgavi,[{'place_id': 'ChIJ-0t7MZ9ZqEcRJlKrFf4JUe4'}]
Adria Grill,[{'place_id': 'ChIJnV-g7XJZqEcRNVp--Rum2tg'}]
Cafe Schlacht,[{'place_id': 'ChIJidKZOZ9ZqEcRTyVi57NyG2g'}]
Taverne Pikilia,[{'place_id': 'ChIJsfRXRnVZqEcR-0OXBFokU5E'}]
Wirtshaus an der Rehwiese,[{'place_id': 'ChIJb4UJPQpZqEcRj2gQiVRC0w0'}]
Wirtshaus Zehlendorfer Hof,[{'place_id': 'ChIJM7U_mitaqEcRTovqfZ8673M'}]
Thai Cuisine Berlin Zehlendorf,[{'place_id': 'ChIJAfotSjNaqEcRvbD_deyPaUw'}]
Casino Goerzwerk c/o farkas CATERING GmbH,"[{'place_id': 'ChIJX8mhyntZqEcRKTFoMAIlXgQ'}, {'place_id': 'ChIJ61DJPq9bqEcRAjFl7rbpxc4'}]"
Der Kretaner,[]
BLOCK HOUSE Zehlendorf,[{'place_id': 'ChIJLUlfGDNaqEcRAfxsdYJXw-k'}]
Gustav Grün,[{'place_id': 'ChIJMccGqsZbqEcRiogDqa-AtmQ'}]
Burgerzimmer XII,[{'place_id': 'ChIJgW0IEPxbqEcRpFkpc9Sh7Go'}]
da YVONNE Trattoria Toscana,[{'place_id': 'ChIJ0_SukblQqEcRKkJOjlMraUY'}]
Gastronomie Hagn im TC 1899 Blau Weiss,[{'place_id': 'ChIJhZQwgW1RqEcR5LTaVtbJzAo'}]
St.-Michaels-Restaurant,[{'place_id': 'ChIJ7xaKwbZQqEcRIJH-ydfCpkg'}]
BUONODORO,[{'place_id': 'ChIJCT2ywk5bqEcRccd2imwQN0E'}]
Machiavelli am Roseneck,[{'place_id': 'ChIJCal7aqZQqEcRS-dBiQO5RpY'}]
Domäne Dahlem,[{'place_id': 'ChIJETkp821aqEcRlpJVRUacYZc'}]
Amit ismailji,[{'place_id': 'ChIJE46HaqZQqEcRYuVuLAle9Ps'}]
Alter Krug Dahlem,[{'place_id': 'ChIJ4YvLwaokZUER46o5UTx0AY8'}]
Restaurant Pastis GmbH,[{'place_id': 'ChIJn5hgsIZQqEcRWl0AZQV5MoA'}]
Vale Un Peccato,[{'place_id': 'ChIJR0Vaeo9QqEcRbUSmKilIDBQ'}]
Trattoria La Passione,[{'place_id': 'ChIJZWnxJ71RqEcRVRxUBWBZINU'}]
Ristorante Marcone,[{'place_id': 'ChIJg7WkpaNQqEcRdSYxC9U-fG0'}]
